2024.08.13 09:11:45 INFO  Started: Metals version 1.3.5 in folders 'D:\2nd year\Functional Programming\Functional-Programming-practicals\practicals-08' for client Visual Studio Code 1.92.1.
SLF4J(W): Class path contains multiple SLF4J providers.
SLF4J(W): Found provider [scribe.slf4j.ScribeServiceProvider@5235b82e]
SLF4J(W): Found provider [ch.qos.logback.classic.spi.LogbackServiceProvider@192ffcb3]
SLF4J(W): See https://www.slf4j.org/codes.html#multiple_bindings for an explanation.
SLF4J(I): Actual provider is of type [scribe.slf4j.ScribeServiceProvider@5235b82e]
2024.08.13 09:11:46 WARN  Flyway upgrade recommended: H2 2.3.230 is newer than this version of Flyway and support has not been tested. The latest supported version of H2 is 2.2.220.
2024.08.13 09:11:48 INFO  no build target found for D:\2nd year\Functional Programming\Functional-Programming-practicals\practicals-08\1_a.scala. Using presentation compiler with project's scala-library version: 3.3.3
2024.08.13 09:11:48 ERROR Unexpected error initializing server: 
java.nio.file.InvalidPathException: Illegal char <"> at index 0: "C:\Program Files\Git\bin\git.exe
	at sun.nio.fs.WindowsPathParser.normalize(WindowsPathParser.java:204)
	at sun.nio.fs.WindowsPathParser.parse(WindowsPathParser.java:175)
	at sun.nio.fs.WindowsPathParser.parse(WindowsPathParser.java:77)
	at sun.nio.fs.WindowsPath.parse(WindowsPath.java:92)
	at sun.nio.fs.WindowsFileSystem.getPath(WindowsFileSystem.java:231)
	at java.nio.file.Path.of(Path.java:148)
	at java.nio.file.Paths.get(Paths.java:69)
	at scala.meta.internal.metals.scalacli.ScalaCli$.$anonfun$localScalaCli$4(ScalaCli.scala:350)
	at scala.collection.Iterator$$anon$9.next(Iterator.scala:584)
	at scala.collection.Iterator$$anon$6.hasNext(Iterator.scala:478)
	at scala.collection.Iterator$$anon$9.hasNext(Iterator.scala:583)
	at scala.collection.Iterator$$anon$10.hasNext(Iterator.scala:600)
	at scala.collection.immutable.Stream$.fromIterator(Stream.scala:469)
	at scala.collection.immutable.Stream$.from(Stream.scala:457)
	at scala.collection.immutable.Stream$.from(Stream.scala:357)
	at scala.collection.IterableFactory$ToFactory.fromSpecific(Factory.scala:274)
	at scala.collection.IterableOnceOps.to(IterableOnce.scala:1437)
	at scala.collection.IterableOnceOps.to$(IterableOnce.scala:1437)
	at scala.collection.AbstractIterator.to(Iterator.scala:1303)
	at scala.collection.IterableOnceOps.toStream(IterableOnce.scala:1482)
	at scala.collection.IterableOnceOps.toStream$(IterableOnce.scala:1482)
	at scala.collection.AbstractIterator.toStream(Iterator.scala:1303)
	at scala.meta.internal.metals.scalacli.ScalaCli$.findInPath$1(ScalaCli.scala:353)
	at scala.meta.internal.metals.scalacli.ScalaCli$.$anonfun$localScalaCli$10(ScalaCli.scala:389)
	at scala.Option.orElse(Option.scala:477)
	at scala.meta.internal.metals.scalacli.ScalaCli$.localScalaCli(ScalaCli.scala:391)
	at scala.meta.internal.metals.scalacli.ScalaCliServers.localScalaCli$lzycompute(ScalaCliServers.scala:63)
	at scala.meta.internal.metals.scalacli.ScalaCliServers.localScalaCli(ScalaCliServers.scala:62)
	at scala.meta.internal.metals.scalacli.ScalaCliServers.setupIDE(ScalaCliServers.scala:68)
	at scala.meta.internal.metals.ProjectMetalsLspService.maybeSetupScalaCli(ProjectMetalsLspService.scala:433)
	at scala.meta.internal.metals.ProjectMetalsLspService.$anonfun$onInitialized$1(ProjectMetalsLspService.scala:504)
	at scala.meta.internal.metals.ProjectMetalsLspService.withWillGenerateBspConfig(ProjectMetalsLspService.scala:113)
	at scala.meta.internal.metals.ProjectMetalsLspService.onInitialized(ProjectMetalsLspService.scala:504)
	at scala.meta.internal.metals.MetalsLspService.$anonfun$initialized$1(MetalsLspService.scala:694)
	at scala.concurrent.impl.Promise$Transformation.run(Promise.scala:470)
	at java.util.concurrent.ThreadPoolExecutor.runWorker(ThreadPoolExecutor.java:1144)
	at java.util.concurrent.ThreadPoolExecutor$Worker.run(ThreadPoolExecutor.java:642)
	at java.lang.Thread.run(Thread.java:1570)

2024.08.13 09:14:28 INFO  no build target found for D:\2nd year\Functional Programming\Functional-Programming-practicals\practicals-08\1_a.scala. Using presentation compiler with project's scala-library version: 3.3.3
2024.08.13 09:14:29 INFO  no build target found for D:\2nd year\Functional Programming\Functional-Programming-practicals\practicals-08\2.scala. Using presentation compiler with project's scala-library version: 3.3.3
2024.08.13 09:16:11 INFO  no build target found for D:\2nd year\Functional Programming\Functional-Programming-practicals\practicals-08\2.scala. Using presentation compiler with project's scala-library version: 3.3.3
2024.08.13 09:16:11 INFO  no build target found for D:\2nd year\Functional Programming\Functional-Programming-practicals\practicals-08\2.scala. Using presentation compiler with project's scala-library version: 3.3.3
2024.08.13 09:16:13 INFO  no build target found for D:\2nd year\Functional Programming\Functional-Programming-practicals\practicals-08\2.scala. Using presentation compiler with project's scala-library version: 3.3.3
2024.08.13 09:16:17 INFO  no build target found for D:\2nd year\Functional Programming\Functional-Programming-practicals\practicals-08\2.scala. Using presentation compiler with project's scala-library version: 3.3.3
2024.08.13 09:16:17 INFO  no build target found for D:\2nd year\Functional Programming\Functional-Programming-practicals\practicals-08\2.scala. Using presentation compiler with project's scala-library version: 3.3.3
2024.08.13 09:16:19 INFO  no build target found for D:\2nd year\Functional Programming\Functional-Programming-practicals\practicals-08\2.scala. Using presentation compiler with project's scala-library version: 3.3.3
2024.08.13 09:16:19 INFO  no build target found for D:\2nd year\Functional Programming\Functional-Programming-practicals\practicals-08\2.scala. Using presentation compiler with project's scala-library version: 3.3.3
2024.08.13 09:16:19 INFO  no build target found for D:\2nd year\Functional Programming\Functional-Programming-practicals\practicals-08\2.scala. Using presentation compiler with project's scala-library version: 3.3.3
2024.08.13 09:16:22 INFO  no build target found for D:\2nd year\Functional Programming\Functional-Programming-practicals\practicals-08\2.scala. Using presentation compiler with project's scala-library version: 3.3.3
2024.08.13 09:16:53 INFO  no build target found for D:\2nd year\Functional Programming\Functional-Programming-practicals\practicals-08\1_a.scala. Using presentation compiler with project's scala-library version: 3.3.3
2024.08.13 09:16:56 INFO  no build target found for D:\2nd year\Functional Programming\Functional-Programming-practicals\practicals-08\1_a.scala. Using presentation compiler with project's scala-library version: 3.3.3
2024.08.13 09:16:56 INFO  no build target found for D:\2nd year\Functional Programming\Functional-Programming-practicals\practicals-08\1_a.scala. Using presentation compiler with project's scala-library version: 3.3.3
2024.08.13 09:16:56 INFO  no build target found for D:\2nd year\Functional Programming\Functional-Programming-practicals\practicals-08\2.scala. Using presentation compiler with project's scala-library version: 3.3.3
2024.08.13 09:17:17 INFO  no build target found for D:\2nd year\Functional Programming\Functional-Programming-practicals\practicals-08\2.scala. Using presentation compiler with project's scala-library version: 3.3.3
2024.08.13 09:17:26 INFO  Shutting down server
2024.08.13 09:17:26 INFO  shutting down Metals
2024.08.13 09:17:26 INFO  Exiting server
2024.08.13 09:17:40 INFO  Started: Metals version 1.3.5 in folders 'D:\2nd year\Functional Programming\Functional-Programming-practicals\practicals-08' for client Visual Studio Code 1.92.1.
SLF4J(W): Class path contains multiple SLF4J providers.
SLF4J(W): Found provider [scribe.slf4j.ScribeServiceProvider@5797efdb]
SLF4J(W): Found provider [ch.qos.logback.classic.spi.LogbackServiceProvider@7155147]
SLF4J(W): See https://www.slf4j.org/codes.html#multiple_bindings for an explanation.
SLF4J(I): Actual provider is of type [scribe.slf4j.ScribeServiceProvider@5797efdb]
2024.08.13 09:17:43 WARN  Flyway upgrade recommended: H2 2.3.230 is newer than this version of Flyway and support has not been tested. The latest supported version of H2 is 2.2.220.
2024.08.13 09:17:44 ERROR Unexpected error initializing server: 
java.nio.file.InvalidPathException: Illegal char <"> at index 0: "C:\Program Files\Git\bin\git.exe
	at sun.nio.fs.WindowsPathParser.normalize(WindowsPathParser.java:204)
	at sun.nio.fs.WindowsPathParser.parse(WindowsPathParser.java:175)
	at sun.nio.fs.WindowsPathParser.parse(WindowsPathParser.java:77)
	at sun.nio.fs.WindowsPath.parse(WindowsPath.java:92)
	at sun.nio.fs.WindowsFileSystem.getPath(WindowsFileSystem.java:231)
	at java.nio.file.Path.of(Path.java:148)
	at java.nio.file.Paths.get(Paths.java:69)
	at scala.meta.internal.metals.scalacli.ScalaCli$.$anonfun$localScalaCli$4(ScalaCli.scala:350)
	at scala.collection.Iterator$$anon$9.next(Iterator.scala:584)
	at scala.collection.Iterator$$anon$6.hasNext(Iterator.scala:478)
	at scala.collection.Iterator$$anon$9.hasNext(Iterator.scala:583)
	at scala.collection.Iterator$$anon$10.hasNext(Iterator.scala:600)
	at scala.collection.immutable.Stream$.fromIterator(Stream.scala:469)
	at scala.collection.immutable.Stream$.from(Stream.scala:457)
	at scala.collection.immutable.Stream$.from(Stream.scala:357)
	at scala.collection.IterableFactory$ToFactory.fromSpecific(Factory.scala:274)
	at scala.collection.IterableOnceOps.to(IterableOnce.scala:1437)
	at scala.collection.IterableOnceOps.to$(IterableOnce.scala:1437)
	at scala.collection.AbstractIterator.to(Iterator.scala:1303)
	at scala.collection.IterableOnceOps.toStream(IterableOnce.scala:1482)
	at scala.collection.IterableOnceOps.toStream$(IterableOnce.scala:1482)
	at scala.collection.AbstractIterator.toStream(Iterator.scala:1303)
	at scala.meta.internal.metals.scalacli.ScalaCli$.findInPath$1(ScalaCli.scala:353)
	at scala.meta.internal.metals.scalacli.ScalaCli$.$anonfun$localScalaCli$10(ScalaCli.scala:389)
	at scala.Option.orElse(Option.scala:477)
	at scala.meta.internal.metals.scalacli.ScalaCli$.localScalaCli(ScalaCli.scala:391)
	at scala.meta.internal.metals.scalacli.ScalaCliServers.localScalaCli$lzycompute(ScalaCliServers.scala:63)
	at scala.meta.internal.metals.scalacli.ScalaCliServers.localScalaCli(ScalaCliServers.scala:62)
	at scala.meta.internal.metals.scalacli.ScalaCliServers.setupIDE(ScalaCliServers.scala:68)
	at scala.meta.internal.metals.ProjectMetalsLspService.maybeSetupScalaCli(ProjectMetalsLspService.scala:433)
	at scala.meta.internal.metals.ProjectMetalsLspService.$anonfun$onInitialized$1(ProjectMetalsLspService.scala:504)
	at scala.meta.internal.metals.ProjectMetalsLspService.withWillGenerateBspConfig(ProjectMetalsLspService.scala:113)
	at scala.meta.internal.metals.ProjectMetalsLspService.onInitialized(ProjectMetalsLspService.scala:504)
	at scala.meta.internal.metals.MetalsLspService.$anonfun$initialized$1(MetalsLspService.scala:694)
	at scala.concurrent.impl.Promise$Transformation.run(Promise.scala:470)
	at java.util.concurrent.ThreadPoolExecutor.runWorker(ThreadPoolExecutor.java:1144)
	at java.util.concurrent.ThreadPoolExecutor$Worker.run(ThreadPoolExecutor.java:642)
	at java.lang.Thread.run(Thread.java:1570)

2024.08.13 09:17:45 INFO  no build target found for D:\2nd year\Functional Programming\Functional-Programming-practicals\practicals-08\1_a.scala. Using presentation compiler with project's scala-library version: 3.3.3
2024.08.13 09:17:47 INFO  no build target found for D:\2nd year\Functional Programming\Functional-Programming-practicals\practicals-08\1_a.scala. Using presentation compiler with project's scala-library version: 3.3.3
Aug 13, 2024 9:17:47 AM org.eclipse.lsp4j.jsonrpc.RemoteEndpoint handleCancellation
WARNING: Unmatched cancel notification for request id 4
Aug 13, 2024 9:17:47 AM org.eclipse.lsp4j.jsonrpc.RemoteEndpoint handleCancellation
WARNING: Unmatched cancel notification for request id 1
Aug 13, 2024 9:17:47 AM org.eclipse.lsp4j.jsonrpc.RemoteEndpoint handleCancellation
WARNING: Unmatched cancel notification for request id 2
2024.08.13 09:17:47 INFO  no build target found for D:\2nd year\Functional Programming\Functional-Programming-practicals\practicals-08\1_a.scala. Using presentation compiler with project's scala-library version: 3.3.3
2024.08.13 09:17:47 INFO  no build target found for D:\2nd year\Functional Programming\Functional-Programming-practicals\practicals-08\2.scala. Using presentation compiler with project's scala-library version: 3.3.3
2024.08.13 09:17:49 INFO  no build target found for D:\2nd year\Functional Programming\Functional-Programming-practicals\practicals-08\2.scala. Using presentation compiler with project's scala-library version: 3.3.3
2024.08.13 09:17:51 INFO  no build target found for D:\2nd year\Functional Programming\Functional-Programming-practicals\practicals-08\2.scala. Using presentation compiler with project's scala-library version: 3.3.3
2024.08.13 09:17:54 INFO  no build target found for D:\2nd year\Functional Programming\Functional-Programming-practicals\practicals-08\2.scala. Using presentation compiler with project's scala-library version: 3.3.3
2024.08.13 09:18:15 INFO  no build target found for D:\2nd year\Functional Programming\Functional-Programming-practicals\practicals-08\2.scala. Using presentation compiler with project's scala-library version: 3.3.3
2024.08.13 09:18:15 INFO  no build target found for D:\2nd year\Functional Programming\Functional-Programming-practicals\practicals-08\2.scala. Using presentation compiler with project's scala-library version: 3.3.3
2024.08.13 09:18:15 INFO  no build target found for D:\2nd year\Functional Programming\Functional-Programming-practicals\practicals-08\2.scala. Using presentation compiler with project's scala-library version: 3.3.3
2024.08.13 09:18:15 INFO  no build target found for D:\2nd year\Functional Programming\Functional-Programming-practicals\practicals-08\2.scala. Using presentation compiler with project's scala-library version: 3.3.3
2024.08.13 09:18:16 INFO  no build target found for D:\2nd year\Functional Programming\Functional-Programming-practicals\practicals-08\2.scala. Using presentation compiler with project's scala-library version: 3.3.3
2024.08.13 09:18:20 INFO  no build target found for D:\2nd year\Functional Programming\Functional-Programming-practicals\practicals-08\2.scala. Using presentation compiler with project's scala-library version: 3.3.3
2024.08.13 09:18:48 INFO  no build target found for D:\2nd year\Functional Programming\Functional-Programming-practicals\practicals-08\2.scala. Using presentation compiler with project's scala-library version: 3.3.3
2024.08.13 09:18:48 INFO  no build target found for D:\2nd year\Functional Programming\Functional-Programming-practicals\practicals-08\2.scala. Using presentation compiler with project's scala-library version: 3.3.3
2024.08.13 09:18:50 INFO  no build target found for D:\2nd year\Functional Programming\Functional-Programming-practicals\practicals-08\2.scala. Using presentation compiler with project's scala-library version: 3.3.3
2024.08.13 09:18:55 WARN  no build target for: D:\2nd year\Functional Programming\Functional-Programming-practicals\practicals-08\2.scala
2024.08.13 09:18:55 INFO  no build target found for D:\2nd year\Functional Programming\Functional-Programming-practicals\practicals-08\2.scala. Using presentation compiler with project's scala-library version: 3.3.3
2024.08.13 09:18:55 INFO  no build target found for D:\2nd year\Functional Programming\Functional-Programming-practicals\practicals-08\2.scala. Using presentation compiler with project's scala-library version: 3.3.3
2024.08.13 09:18:55 INFO  no build target found for D:\2nd year\Functional Programming\Functional-Programming-practicals\practicals-08\2.scala. Using presentation compiler with project's scala-library version: 3.3.3
2024.08.13 09:19:32 INFO  no build target found for D:\2nd year\Functional Programming\Functional-Programming-practicals\practicals-08\2.scala. Using presentation compiler with project's scala-library version: 3.3.3
2024.08.13 09:19:34 INFO  no build target found for D:\2nd year\Functional Programming\Functional-Programming-practicals\practicals-08\2.scala. Using presentation compiler with project's scala-library version: 3.3.3
2024.08.13 09:20:22 WARN  no build target for: D:\2nd year\Functional Programming\Functional-Programming-practicals\practicals-08\2.scala
2024.08.13 09:20:22 INFO  no build target found for D:\2nd year\Functional Programming\Functional-Programming-practicals\practicals-08\2.scala. Using presentation compiler with project's scala-library version: 3.3.3
2024.08.13 09:22:13 INFO  no build target found for D:\2nd year\Functional Programming\Functional-Programming-practicals\practicals-08\2.scala. Using presentation compiler with project's scala-library version: 3.3.3
2024.08.13 09:22:13 INFO  no build target found for D:\2nd year\Functional Programming\Functional-Programming-practicals\practicals-08\2.scala. Using presentation compiler with project's scala-library version: 3.3.3
2024.08.13 09:22:17 INFO  no build target found for D:\2nd year\Functional Programming\Functional-Programming-practicals\practicals-08\2.scala. Using presentation compiler with project's scala-library version: 3.3.3
2024.08.13 09:22:17 INFO  no build target found for D:\2nd year\Functional Programming\Functional-Programming-practicals\practicals-08\2.scala. Using presentation compiler with project's scala-library version: 3.3.3
2024.08.13 09:22:17 INFO  no build target found for D:\2nd year\Functional Programming\Functional-Programming-practicals\practicals-08\2.scala. Using presentation compiler with project's scala-library version: 3.3.3
2024.08.13 09:22:17 INFO  no build target found for D:\2nd year\Functional Programming\Functional-Programming-practicals\practicals-08\2.scala. Using presentation compiler with project's scala-library version: 3.3.3
2024.08.13 09:22:19 INFO  no build target found for D:\2nd year\Functional Programming\Functional-Programming-practicals\practicals-08\2.scala. Using presentation compiler with project's scala-library version: 3.3.3
2024.08.13 09:22:19 INFO  no build target found for D:\2nd year\Functional Programming\Functional-Programming-practicals\practicals-08\2.scala. Using presentation compiler with project's scala-library version: 3.3.3
2024.08.13 09:22:19 INFO  no build target found for D:\2nd year\Functional Programming\Functional-Programming-practicals\practicals-08\2.scala. Using presentation compiler with project's scala-library version: 3.3.3
2024.08.13 09:22:21 INFO  no build target found for D:\2nd year\Functional Programming\Functional-Programming-practicals\practicals-08\2.scala. Using presentation compiler with project's scala-library version: 3.3.3
2024.08.13 09:22:21 INFO  no build target found for D:\2nd year\Functional Programming\Functional-Programming-practicals\practicals-08\2.scala. Using presentation compiler with project's scala-library version: 3.3.3
2024.08.13 09:22:22 INFO  no build target found for D:\2nd year\Functional Programming\Functional-Programming-practicals\practicals-08\2.scala. Using presentation compiler with project's scala-library version: 3.3.3
2024.08.13 09:22:23 INFO  no build target found for D:\2nd year\Functional Programming\Functional-Programming-practicals\practicals-08\2.scala. Using presentation compiler with project's scala-library version: 3.3.3
2024.08.13 09:22:24 INFO  no build target found for D:\2nd year\Functional Programming\Functional-Programming-practicals\practicals-08\2.scala. Using presentation compiler with project's scala-library version: 3.3.3
2024.08.13 09:22:24 INFO  no build target found for D:\2nd year\Functional Programming\Functional-Programming-practicals\practicals-08\2.scala. Using presentation compiler with project's scala-library version: 3.3.3
2024.08.13 09:22:24 INFO  no build target found for D:\2nd year\Functional Programming\Functional-Programming-practicals\practicals-08\2.scala. Using presentation compiler with project's scala-library version: 3.3.3
2024.08.13 09:22:47 WARN  no build target for: D:\2nd year\Functional Programming\Functional-Programming-practicals\practicals-08\2.scala
2024.08.13 09:22:47 INFO  no build target found for D:\2nd year\Functional Programming\Functional-Programming-practicals\practicals-08\2.scala. Using presentation compiler with project's scala-library version: 3.3.3
2024.08.13 09:22:51 INFO  no build target found for D:\2nd year\Functional Programming\Functional-Programming-practicals\practicals-08\2.scala. Using presentation compiler with project's scala-library version: 3.3.3
2024.08.13 09:22:52 INFO  no build target found for D:\2nd year\Functional Programming\Functional-Programming-practicals\practicals-08\2.scala. Using presentation compiler with project's scala-library version: 3.3.3
2024.08.13 09:22:52 INFO  no build target found for D:\2nd year\Functional Programming\Functional-Programming-practicals\practicals-08\2.scala. Using presentation compiler with project's scala-library version: 3.3.3
2024.08.13 09:22:52 INFO  no build target found for D:\2nd year\Functional Programming\Functional-Programming-practicals\practicals-08\2.scala. Using presentation compiler with project's scala-library version: 3.3.3
2024.08.13 09:22:53 INFO  no build target found for D:\2nd year\Functional Programming\Functional-Programming-practicals\practicals-08\2.scala. Using presentation compiler with project's scala-library version: 3.3.3
2024.08.13 09:22:53 INFO  no build target found for D:\2nd year\Functional Programming\Functional-Programming-practicals\practicals-08\2.scala. Using presentation compiler with project's scala-library version: 3.3.3
2024.08.13 09:22:53 INFO  no build target found for D:\2nd year\Functional Programming\Functional-Programming-practicals\practicals-08\2.scala. Using presentation compiler with project's scala-library version: 3.3.3
2024.08.13 09:22:53 INFO  no build target found for D:\2nd year\Functional Programming\Functional-Programming-practicals\practicals-08\2.scala. Using presentation compiler with project's scala-library version: 3.3.3
2024.08.13 09:22:54 INFO  no build target found for D:\2nd year\Functional Programming\Functional-Programming-practicals\practicals-08\2.scala. Using presentation compiler with project's scala-library version: 3.3.3
2024.08.13 09:22:53 INFO  no build target found for D:\2nd year\Functional Programming\Functional-Programming-practicals\practicals-08\2.scala. Using presentation compiler with project's scala-library version: 3.3.3
2024.08.13 09:22:53 INFO  no build target found for D:\2nd year\Functional Programming\Functional-Programming-practicals\practicals-08\2.scala. Using presentation compiler with project's scala-library version: 3.3.3
2024.08.13 09:22:54 INFO  no build target found for D:\2nd year\Functional Programming\Functional-Programming-practicals\practicals-08\2.scala. Using presentation compiler with project's scala-library version: 3.3.3
2024.08.13 09:22:54 WARN  no build target for: D:\2nd year\Functional Programming\Functional-Programming-practicals\practicals-08\2.scala
2024.08.13 09:22:55 INFO  no build target found for D:\2nd year\Functional Programming\Functional-Programming-practicals\practicals-08\2.scala. Using presentation compiler with project's scala-library version: 3.3.3
2024.08.13 09:22:55 INFO  no build target found for D:\2nd year\Functional Programming\Functional-Programming-practicals\practicals-08\2.scala. Using presentation compiler with project's scala-library version: 3.3.3
2024.08.13 09:22:56 INFO  no build target found for D:\2nd year\Functional Programming\Functional-Programming-practicals\practicals-08\2.scala. Using presentation compiler with project's scala-library version: 3.3.3
2024.08.13 09:22:56 INFO  no build target found for D:\2nd year\Functional Programming\Functional-Programming-practicals\practicals-08\2.scala. Using presentation compiler with project's scala-library version: 3.3.3
2024.08.13 09:22:56 INFO  no build target found for D:\2nd year\Functional Programming\Functional-Programming-practicals\practicals-08\2.scala. Using presentation compiler with project's scala-library version: 3.3.3
2024.08.13 09:22:56 WARN  no build target for: D:\2nd year\Functional Programming\Functional-Programming-practicals\practicals-08\2.scala
2024.08.13 09:22:56 INFO  no build target found for D:\2nd year\Functional Programming\Functional-Programming-practicals\practicals-08\2.scala. Using presentation compiler with project's scala-library version: 3.3.3
2024.08.13 09:22:56 INFO  no build target found for D:\2nd year\Functional Programming\Functional-Programming-practicals\practicals-08\2.scala. Using presentation compiler with project's scala-library version: 3.3.3
2024.08.13 09:22:57 INFO  no build target found for D:\2nd year\Functional Programming\Functional-Programming-practicals\practicals-08\2.scala. Using presentation compiler with project's scala-library version: 3.3.3
2024.08.13 09:22:57 INFO  no build target found for D:\2nd year\Functional Programming\Functional-Programming-practicals\practicals-08\2.scala. Using presentation compiler with project's scala-library version: 3.3.3
2024.08.13 09:22:57 INFO  no build target found for D:\2nd year\Functional Programming\Functional-Programming-practicals\practicals-08\2.scala. Using presentation compiler with project's scala-library version: 3.3.3
2024.08.13 09:22:57 INFO  no build target found for D:\2nd year\Functional Programming\Functional-Programming-practicals\practicals-08\2.scala. Using presentation compiler with project's scala-library version: 3.3.3
2024.08.13 09:22:57 INFO  no build target found for D:\2nd year\Functional Programming\Functional-Programming-practicals\practicals-08\2.scala. Using presentation compiler with project's scala-library version: 3.3.3
2024.08.13 09:22:58 INFO  no build target found for D:\2nd year\Functional Programming\Functional-Programming-practicals\practicals-08\2.scala. Using presentation compiler with project's scala-library version: 3.3.3
2024.08.13 09:22:58 WARN  no build target for: D:\2nd year\Functional Programming\Functional-Programming-practicals\practicals-08\2.scala
2024.08.13 09:22:58 INFO  no build target found for D:\2nd year\Functional Programming\Functional-Programming-practicals\practicals-08\2.scala. Using presentation compiler with project's scala-library version: 3.3.3
2024.08.13 09:22:58 INFO  no build target found for D:\2nd year\Functional Programming\Functional-Programming-practicals\practicals-08\2.scala. Using presentation compiler with project's scala-library version: 3.3.3
2024.08.13 09:23:28 INFO  no build target found for D:\2nd year\Functional Programming\Functional-Programming-practicals\practicals-08\2.scala. Using presentation compiler with project's scala-library version: 3.3.3
2024.08.13 09:23:30 INFO  no build target found for D:\2nd year\Functional Programming\Functional-Programming-practicals\practicals-08\2.scala. Using presentation compiler with project's scala-library version: 3.3.3
2024.08.13 09:23:30 INFO  no build target found for D:\2nd year\Functional Programming\Functional-Programming-practicals\practicals-08\2.scala. Using presentation compiler with project's scala-library version: 3.3.3
2024.08.13 09:23:30 INFO  no build target found for D:\2nd year\Functional Programming\Functional-Programming-practicals\practicals-08\2.scala. Using presentation compiler with project's scala-library version: 3.3.3
2024.08.13 09:23:31 INFO  no build target found for D:\2nd year\Functional Programming\Functional-Programming-practicals\practicals-08\2.scala. Using presentation compiler with project's scala-library version: 3.3.3
2024.08.13 09:23:32 INFO  no build target found for D:\2nd year\Functional Programming\Functional-Programming-practicals\practicals-08\2.scala. Using presentation compiler with project's scala-library version: 3.3.3
2024.08.13 09:23:36 WARN  no build target for: D:\2nd year\Functional Programming\Functional-Programming-practicals\practicals-08\2.scala
2024.08.13 09:23:36 INFO  no build target found for D:\2nd year\Functional Programming\Functional-Programming-practicals\practicals-08\2.scala. Using presentation compiler with project's scala-library version: 3.3.3
2024.08.13 09:23:36 INFO  no build target found for D:\2nd year\Functional Programming\Functional-Programming-practicals\practicals-08\2.scala. Using presentation compiler with project's scala-library version: 3.3.3
2024.08.13 09:23:36 INFO  no build target found for D:\2nd year\Functional Programming\Functional-Programming-practicals\practicals-08\2.scala. Using presentation compiler with project's scala-library version: 3.3.3
2024.08.13 09:23:38 INFO  no build target found for D:\2nd year\Functional Programming\Functional-Programming-practicals\practicals-08\2.scala. Using presentation compiler with project's scala-library version: 3.3.3
2024.08.13 09:23:38 INFO  no build target found for D:\2nd year\Functional Programming\Functional-Programming-practicals\practicals-08\2.scala. Using presentation compiler with project's scala-library version: 3.3.3
2024.08.13 09:23:39 INFO  no build target found for D:\2nd year\Functional Programming\Functional-Programming-practicals\practicals-08\2.scala. Using presentation compiler with project's scala-library version: 3.3.3
2024.08.13 09:23:39 INFO  no build target found for D:\2nd year\Functional Programming\Functional-Programming-practicals\practicals-08\2.scala. Using presentation compiler with project's scala-library version: 3.3.3
2024.08.13 09:23:40 INFO  no build target found for D:\2nd year\Functional Programming\Functional-Programming-practicals\practicals-08\2.scala. Using presentation compiler with project's scala-library version: 3.3.3
2024.08.13 09:23:41 INFO  no build target found for D:\2nd year\Functional Programming\Functional-Programming-practicals\practicals-08\2.scala. Using presentation compiler with project's scala-library version: 3.3.3
2024.08.13 09:23:40 INFO  no build target found for D:\2nd year\Functional Programming\Functional-Programming-practicals\practicals-08\2.scala. Using presentation compiler with project's scala-library version: 3.3.3
2024.08.13 09:23:40 INFO  no build target found for D:\2nd year\Functional Programming\Functional-Programming-practicals\practicals-08\2.scala. Using presentation compiler with project's scala-library version: 3.3.3
2024.08.13 09:23:44 INFO  no build target found for D:\2nd year\Functional Programming\Functional-Programming-practicals\practicals-08\2.scala. Using presentation compiler with project's scala-library version: 3.3.3
2024.08.13 09:23:45 INFO  no build target found for D:\2nd year\Functional Programming\Functional-Programming-practicals\practicals-08\2.scala. Using presentation compiler with project's scala-library version: 3.3.3
2024.08.13 09:23:45 INFO  no build target found for D:\2nd year\Functional Programming\Functional-Programming-practicals\practicals-08\2.scala. Using presentation compiler with project's scala-library version: 3.3.3
2024.08.13 09:23:46 INFO  no build target found for D:\2nd year\Functional Programming\Functional-Programming-practicals\practicals-08\2.scala. Using presentation compiler with project's scala-library version: 3.3.3
2024.08.13 09:23:47 INFO  no build target found for D:\2nd year\Functional Programming\Functional-Programming-practicals\practicals-08\2.scala. Using presentation compiler with project's scala-library version: 3.3.3
2024.08.13 09:23:47 INFO  no build target found for D:\2nd year\Functional Programming\Functional-Programming-practicals\practicals-08\2.scala. Using presentation compiler with project's scala-library version: 3.3.3
2024.08.13 09:23:47 INFO  no build target found for D:\2nd year\Functional Programming\Functional-Programming-practicals\practicals-08\2.scala. Using presentation compiler with project's scala-library version: 3.3.3
2024.08.13 09:23:49 INFO  no build target found for D:\2nd year\Functional Programming\Functional-Programming-practicals\practicals-08\2.scala. Using presentation compiler with project's scala-library version: 3.3.3
2024.08.13 09:23:49 INFO  no build target found for D:\2nd year\Functional Programming\Functional-Programming-practicals\practicals-08\2.scala. Using presentation compiler with project's scala-library version: 3.3.3
2024.08.13 09:24:05 WARN  no build target for: D:\2nd year\Functional Programming\Functional-Programming-practicals\practicals-08\2.scala
2024.08.13 09:24:05 INFO  no build target found for D:\2nd year\Functional Programming\Functional-Programming-practicals\practicals-08\2.scala. Using presentation compiler with project's scala-library version: 3.3.3
2024.08.13 09:24:12 INFO  no build target found for D:\2nd year\Functional Programming\Functional-Programming-practicals\practicals-08\2.scala. Using presentation compiler with project's scala-library version: 3.3.3
2024.08.13 09:24:43 INFO  no build target found for D:\2nd year\Functional Programming\Functional-Programming-practicals\practicals-08\2.scala. Using presentation compiler with project's scala-library version: 3.3.3
2024.08.13 09:24:45 INFO  no build target found for D:\2nd year\Functional Programming\Functional-Programming-practicals\practicals-08\2.scala. Using presentation compiler with project's scala-library version: 3.3.3
2024.08.13 09:24:45 INFO  no build target found for D:\2nd year\Functional Programming\Functional-Programming-practicals\practicals-08\2.scala. Using presentation compiler with project's scala-library version: 3.3.3
2024.08.13 09:24:45 INFO  no build target found for D:\2nd year\Functional Programming\Functional-Programming-practicals\practicals-08\2.scala. Using presentation compiler with project's scala-library version: 3.3.3
2024.08.13 09:24:45 INFO  no build target found for D:\2nd year\Functional Programming\Functional-Programming-practicals\practicals-08\2.scala. Using presentation compiler with project's scala-library version: 3.3.3
2024.08.13 09:24:45 INFO  no build target found for D:\2nd year\Functional Programming\Functional-Programming-practicals\practicals-08\2.scala. Using presentation compiler with project's scala-library version: 3.3.3
2024.08.13 09:24:45 INFO  no build target found for D:\2nd year\Functional Programming\Functional-Programming-practicals\practicals-08\2.scala. Using presentation compiler with project's scala-library version: 3.3.3
2024.08.13 09:24:45 INFO  no build target found for D:\2nd year\Functional Programming\Functional-Programming-practicals\practicals-08\2.scala. Using presentation compiler with project's scala-library version: 3.3.3
2024.08.13 09:24:45 INFO  no build target found for D:\2nd year\Functional Programming\Functional-Programming-practicals\practicals-08\2.scala. Using presentation compiler with project's scala-library version: 3.3.3
2024.08.13 09:24:45 INFO  no build target found for D:\2nd year\Functional Programming\Functional-Programming-practicals\practicals-08\2.scala. Using presentation compiler with project's scala-library version: 3.3.3
2024.08.13 09:24:46 INFO  no build target found for D:\2nd year\Functional Programming\Functional-Programming-practicals\practicals-08\2.scala. Using presentation compiler with project's scala-library version: 3.3.3
2024.08.13 09:24:46 WARN  no build target for: D:\2nd year\Functional Programming\Functional-Programming-practicals\practicals-08\2.scala
2024.08.13 09:24:46 INFO  no build target found for D:\2nd year\Functional Programming\Functional-Programming-practicals\practicals-08\2.scala. Using presentation compiler with project's scala-library version: 3.3.3
2024.08.13 09:24:46 INFO  no build target found for D:\2nd year\Functional Programming\Functional-Programming-practicals\practicals-08\2.scala. Using presentation compiler with project's scala-library version: 3.3.3
2024.08.13 09:24:47 INFO  no build target found for D:\2nd year\Functional Programming\Functional-Programming-practicals\practicals-08\2.scala. Using presentation compiler with project's scala-library version: 3.3.3
2024.08.13 09:24:47 INFO  no build target found for D:\2nd year\Functional Programming\Functional-Programming-practicals\practicals-08\2.scala. Using presentation compiler with project's scala-library version: 3.3.3
2024.08.13 09:24:46 INFO  no build target found for D:\2nd year\Functional Programming\Functional-Programming-practicals\practicals-08\2.scala. Using presentation compiler with project's scala-library version: 3.3.3
2024.08.13 09:24:47 INFO  no build target found for D:\2nd year\Functional Programming\Functional-Programming-practicals\practicals-08\2.scala. Using presentation compiler with project's scala-library version: 3.3.3
2024.08.13 09:24:47 INFO  no build target found for D:\2nd year\Functional Programming\Functional-Programming-practicals\practicals-08\2.scala. Using presentation compiler with project's scala-library version: 3.3.3
2024.08.13 09:24:47 INFO  no build target found for D:\2nd year\Functional Programming\Functional-Programming-practicals\practicals-08\2.scala. Using presentation compiler with project's scala-library version: 3.3.3
2024.08.13 09:24:48 WARN  no build target for: D:\2nd year\Functional Programming\Functional-Programming-practicals\practicals-08\2.scala
2024.08.13 09:24:48 INFO  no build target found for D:\2nd year\Functional Programming\Functional-Programming-practicals\practicals-08\2.scala. Using presentation compiler with project's scala-library version: 3.3.3
2024.08.13 09:24:48 INFO  no build target found for D:\2nd year\Functional Programming\Functional-Programming-practicals\practicals-08\2.scala. Using presentation compiler with project's scala-library version: 3.3.3
2024.08.13 09:24:48 INFO  no build target found for D:\2nd year\Functional Programming\Functional-Programming-practicals\practicals-08\2.scala. Using presentation compiler with project's scala-library version: 3.3.3
2024.08.13 09:24:48 INFO  no build target found for D:\2nd year\Functional Programming\Functional-Programming-practicals\practicals-08\2.scala. Using presentation compiler with project's scala-library version: 3.3.3
2024.08.13 09:24:49 INFO  no build target found for D:\2nd year\Functional Programming\Functional-Programming-practicals\practicals-08\2.scala. Using presentation compiler with project's scala-library version: 3.3.3
2024.08.13 09:24:49 INFO  no build target found for D:\2nd year\Functional Programming\Functional-Programming-practicals\practicals-08\2.scala. Using presentation compiler with project's scala-library version: 3.3.3
2024.08.13 09:24:49 INFO  no build target found for D:\2nd year\Functional Programming\Functional-Programming-practicals\practicals-08\2.scala. Using presentation compiler with project's scala-library version: 3.3.3
2024.08.13 09:24:50 INFO  no build target found for D:\2nd year\Functional Programming\Functional-Programming-practicals\practicals-08\2.scala. Using presentation compiler with project's scala-library version: 3.3.3
2024.08.13 09:24:55 WARN  no build target for: D:\2nd year\Functional Programming\Functional-Programming-practicals\practicals-08\2.scala
2024.08.13 09:24:55 INFO  no build target found for D:\2nd year\Functional Programming\Functional-Programming-practicals\practicals-08\2.scala. Using presentation compiler with project's scala-library version: 3.3.3
2024.08.13 09:24:55 INFO  no build target found for D:\2nd year\Functional Programming\Functional-Programming-practicals\practicals-08\2.scala. Using presentation compiler with project's scala-library version: 3.3.3
2024.08.13 09:25:09 INFO  no build target found for D:\2nd year\Functional Programming\Functional-Programming-practicals\practicals-08\2.scala. Using presentation compiler with project's scala-library version: 3.3.3
2024.08.13 09:25:09 INFO  no build target found for D:\2nd year\Functional Programming\Functional-Programming-practicals\practicals-08\2.scala. Using presentation compiler with project's scala-library version: 3.3.3
2024.08.13 09:25:09 INFO  no build target found for D:\2nd year\Functional Programming\Functional-Programming-practicals\practicals-08\2.scala. Using presentation compiler with project's scala-library version: 3.3.3
2024.08.13 09:25:13 WARN  no build target for: D:\2nd year\Functional Programming\Functional-Programming-practicals\practicals-08\2.scala
2024.08.13 09:25:13 INFO  no build target found for D:\2nd year\Functional Programming\Functional-Programming-practicals\practicals-08\2.scala. Using presentation compiler with project's scala-library version: 3.3.3
2024.08.13 09:25:13 INFO  no build target found for D:\2nd year\Functional Programming\Functional-Programming-practicals\practicals-08\2.scala. Using presentation compiler with project's scala-library version: 3.3.3
2024.08.13 09:25:18 INFO  no build target found for D:\2nd year\Functional Programming\Functional-Programming-practicals\practicals-08\2.scala. Using presentation compiler with project's scala-library version: 3.3.3
2024.08.13 09:25:18 INFO  no build target found for D:\2nd year\Functional Programming\Functional-Programming-practicals\practicals-08\2.scala. Using presentation compiler with project's scala-library version: 3.3.3
2024.08.13 09:25:20 INFO  no build target found for D:\2nd year\Functional Programming\Functional-Programming-practicals\practicals-08\2.scala. Using presentation compiler with project's scala-library version: 3.3.3
2024.08.13 09:25:30 INFO  no build target found for D:\2nd year\Functional Programming\Functional-Programming-practicals\practicals-08\2.scala. Using presentation compiler with project's scala-library version: 3.3.3
2024.08.13 09:25:30 INFO  no build target found for D:\2nd year\Functional Programming\Functional-Programming-practicals\practicals-08\2.scala. Using presentation compiler with project's scala-library version: 3.3.3
2024.08.13 09:25:30 INFO  no build target found for D:\2nd year\Functional Programming\Functional-Programming-practicals\practicals-08\2.scala. Using presentation compiler with project's scala-library version: 3.3.3
2024.08.13 09:25:31 INFO  no build target found for D:\2nd year\Functional Programming\Functional-Programming-practicals\practicals-08\2.scala. Using presentation compiler with project's scala-library version: 3.3.3
2024.08.13 09:25:31 INFO  no build target found for D:\2nd year\Functional Programming\Functional-Programming-practicals\practicals-08\2.scala. Using presentation compiler with project's scala-library version: 3.3.3
2024.08.13 09:25:31 INFO  no build target found for D:\2nd year\Functional Programming\Functional-Programming-practicals\practicals-08\2.scala. Using presentation compiler with project's scala-library version: 3.3.3
2024.08.13 09:25:31 WARN  no build target for: D:\2nd year\Functional Programming\Functional-Programming-practicals\practicals-08\2.scala
2024.08.13 09:25:31 INFO  no build target found for D:\2nd year\Functional Programming\Functional-Programming-practicals\practicals-08\2.scala. Using presentation compiler with project's scala-library version: 3.3.3
2024.08.13 09:25:31 INFO  no build target found for D:\2nd year\Functional Programming\Functional-Programming-practicals\practicals-08\2.scala. Using presentation compiler with project's scala-library version: 3.3.3
2024.08.13 09:25:31 INFO  no build target found for D:\2nd year\Functional Programming\Functional-Programming-practicals\practicals-08\2.scala. Using presentation compiler with project's scala-library version: 3.3.3
2024.08.13 09:25:31 INFO  no build target found for D:\2nd year\Functional Programming\Functional-Programming-practicals\practicals-08\2.scala. Using presentation compiler with project's scala-library version: 3.3.3
2024.08.13 09:25:31 INFO  no build target found for D:\2nd year\Functional Programming\Functional-Programming-practicals\practicals-08\2.scala. Using presentation compiler with project's scala-library version: 3.3.3
2024.08.13 09:25:31 INFO  no build target found for D:\2nd year\Functional Programming\Functional-Programming-practicals\practicals-08\2.scala. Using presentation compiler with project's scala-library version: 3.3.3
2024.08.13 09:25:31 INFO  no build target found for D:\2nd year\Functional Programming\Functional-Programming-practicals\practicals-08\2.scala. Using presentation compiler with project's scala-library version: 3.3.3
2024.08.13 09:25:31 INFO  no build target found for D:\2nd year\Functional Programming\Functional-Programming-practicals\practicals-08\2.scala. Using presentation compiler with project's scala-library version: 3.3.3
2024.08.13 09:25:31 INFO  no build target found for D:\2nd year\Functional Programming\Functional-Programming-practicals\practicals-08\2.scala. Using presentation compiler with project's scala-library version: 3.3.3
2024.08.13 09:25:32 INFO  no build target found for D:\2nd year\Functional Programming\Functional-Programming-practicals\practicals-08\2.scala. Using presentation compiler with project's scala-library version: 3.3.3
2024.08.13 09:25:31 INFO  no build target found for D:\2nd year\Functional Programming\Functional-Programming-practicals\practicals-08\2.scala. Using presentation compiler with project's scala-library version: 3.3.3
2024.08.13 09:25:32 INFO  no build target found for D:\2nd year\Functional Programming\Functional-Programming-practicals\practicals-08\2.scala. Using presentation compiler with project's scala-library version: 3.3.3
2024.08.13 09:25:32 INFO  no build target found for D:\2nd year\Functional Programming\Functional-Programming-practicals\practicals-08\2.scala. Using presentation compiler with project's scala-library version: 3.3.3
2024.08.13 09:25:32 INFO  no build target found for D:\2nd year\Functional Programming\Functional-Programming-practicals\practicals-08\2.scala. Using presentation compiler with project's scala-library version: 3.3.3
2024.08.13 09:25:32 INFO  no build target found for D:\2nd year\Functional Programming\Functional-Programming-practicals\practicals-08\2.scala. Using presentation compiler with project's scala-library version: 3.3.3
2024.08.13 09:25:32 INFO  no build target found for D:\2nd year\Functional Programming\Functional-Programming-practicals\practicals-08\2.scala. Using presentation compiler with project's scala-library version: 3.3.3
2024.08.13 09:25:33 INFO  no build target found for D:\2nd year\Functional Programming\Functional-Programming-practicals\practicals-08\2.scala. Using presentation compiler with project's scala-library version: 3.3.3
2024.08.13 09:25:32 INFO  no build target found for D:\2nd year\Functional Programming\Functional-Programming-practicals\practicals-08\2.scala. Using presentation compiler with project's scala-library version: 3.3.3
2024.08.13 09:25:33 INFO  no build target found for D:\2nd year\Functional Programming\Functional-Programming-practicals\practicals-08\2.scala. Using presentation compiler with project's scala-library version: 3.3.3
2024.08.13 09:25:34 INFO  no build target found for D:\2nd year\Functional Programming\Functional-Programming-practicals\practicals-08\2.scala. Using presentation compiler with project's scala-library version: 3.3.3
2024.08.13 09:25:34 INFO  no build target found for D:\2nd year\Functional Programming\Functional-Programming-practicals\practicals-08\2.scala. Using presentation compiler with project's scala-library version: 3.3.3
2024.08.13 09:25:34 WARN  no build target for: D:\2nd year\Functional Programming\Functional-Programming-practicals\practicals-08\2.scala
2024.08.13 09:25:34 INFO  no build target found for D:\2nd year\Functional Programming\Functional-Programming-practicals\practicals-08\2.scala. Using presentation compiler with project's scala-library version: 3.3.3
2024.08.13 09:25:34 INFO  no build target found for D:\2nd year\Functional Programming\Functional-Programming-practicals\practicals-08\2.scala. Using presentation compiler with project's scala-library version: 3.3.3
2024.08.13 09:25:35 INFO  no build target found for D:\2nd year\Functional Programming\Functional-Programming-practicals\practicals-08\2.scala. Using presentation compiler with project's scala-library version: 3.3.3
2024.08.13 09:25:35 INFO  no build target found for D:\2nd year\Functional Programming\Functional-Programming-practicals\practicals-08\2.scala. Using presentation compiler with project's scala-library version: 3.3.3
2024.08.13 09:25:35 INFO  no build target found for D:\2nd year\Functional Programming\Functional-Programming-practicals\practicals-08\2.scala. Using presentation compiler with project's scala-library version: 3.3.3
2024.08.13 09:25:35 INFO  no build target found for D:\2nd year\Functional Programming\Functional-Programming-practicals\practicals-08\2.scala. Using presentation compiler with project's scala-library version: 3.3.3
2024.08.13 09:25:35 INFO  no build target found for D:\2nd year\Functional Programming\Functional-Programming-practicals\practicals-08\2.scala. Using presentation compiler with project's scala-library version: 3.3.3
2024.08.13 09:25:35 INFO  no build target found for D:\2nd year\Functional Programming\Functional-Programming-practicals\practicals-08\2.scala. Using presentation compiler with project's scala-library version: 3.3.3
2024.08.13 09:25:36 INFO  no build target found for D:\2nd year\Functional Programming\Functional-Programming-practicals\practicals-08\2.scala. Using presentation compiler with project's scala-library version: 3.3.3
2024.08.13 09:25:35 INFO  no build target found for D:\2nd year\Functional Programming\Functional-Programming-practicals\practicals-08\2.scala. Using presentation compiler with project's scala-library version: 3.3.3
2024.08.13 09:25:35 INFO  no build target found for D:\2nd year\Functional Programming\Functional-Programming-practicals\practicals-08\2.scala. Using presentation compiler with project's scala-library version: 3.3.3
2024.08.13 09:25:37 INFO  no build target found for D:\2nd year\Functional Programming\Functional-Programming-practicals\practicals-08\2.scala. Using presentation compiler with project's scala-library version: 3.3.3
2024.08.13 09:25:36 INFO  no build target found for D:\2nd year\Functional Programming\Functional-Programming-practicals\practicals-08\2.scala. Using presentation compiler with project's scala-library version: 3.3.3
2024.08.13 09:25:38 INFO  no build target found for D:\2nd year\Functional Programming\Functional-Programming-practicals\practicals-08\2.scala. Using presentation compiler with project's scala-library version: 3.3.3
2024.08.13 09:25:38 INFO  no build target found for D:\2nd year\Functional Programming\Functional-Programming-practicals\practicals-08\2.scala. Using presentation compiler with project's scala-library version: 3.3.3
2024.08.13 09:25:38 INFO  no build target found for D:\2nd year\Functional Programming\Functional-Programming-practicals\practicals-08\2.scala. Using presentation compiler with project's scala-library version: 3.3.3
2024.08.13 09:25:38 INFO  no build target found for D:\2nd year\Functional Programming\Functional-Programming-practicals\practicals-08\2.scala. Using presentation compiler with project's scala-library version: 3.3.3
2024.08.13 09:25:38 INFO  no build target found for D:\2nd year\Functional Programming\Functional-Programming-practicals\practicals-08\2.scala. Using presentation compiler with project's scala-library version: 3.3.3
Aug 13, 2024 9:25:38 AM org.eclipse.lsp4j.jsonrpc.RemoteEndpoint handleCancellation
WARNING: Unmatched cancel notification for request id 373
2024.08.13 09:25:39 INFO  no build target found for D:\2nd year\Functional Programming\Functional-Programming-practicals\practicals-08\2.scala. Using presentation compiler with project's scala-library version: 3.3.3
2024.08.13 09:25:39 INFO  no build target found for D:\2nd year\Functional Programming\Functional-Programming-practicals\practicals-08\2.scala. Using presentation compiler with project's scala-library version: 3.3.3
2024.08.13 09:25:39 INFO  no build target found for D:\2nd year\Functional Programming\Functional-Programming-practicals\practicals-08\2.scala. Using presentation compiler with project's scala-library version: 3.3.3
2024.08.13 09:25:40 WARN  no build target for: D:\2nd year\Functional Programming\Functional-Programming-practicals\practicals-08\2.scala
2024.08.13 09:25:40 INFO  no build target found for D:\2nd year\Functional Programming\Functional-Programming-practicals\practicals-08\2.scala. Using presentation compiler with project's scala-library version: 3.3.3
2024.08.13 09:25:40 INFO  no build target found for D:\2nd year\Functional Programming\Functional-Programming-practicals\practicals-08\2.scala. Using presentation compiler with project's scala-library version: 3.3.3
2024.08.13 09:25:41 INFO  no build target found for D:\2nd year\Functional Programming\Functional-Programming-practicals\practicals-08\2.scala. Using presentation compiler with project's scala-library version: 3.3.3
2024.08.13 09:25:41 INFO  no build target found for D:\2nd year\Functional Programming\Functional-Programming-practicals\practicals-08\2.scala. Using presentation compiler with project's scala-library version: 3.3.3
2024.08.13 09:25:41 INFO  no build target found for D:\2nd year\Functional Programming\Functional-Programming-practicals\practicals-08\2.scala. Using presentation compiler with project's scala-library version: 3.3.3
2024.08.13 09:25:41 INFO  no build target found for D:\2nd year\Functional Programming\Functional-Programming-practicals\practicals-08\2.scala. Using presentation compiler with project's scala-library version: 3.3.3
2024.08.13 09:25:41 INFO  no build target found for D:\2nd year\Functional Programming\Functional-Programming-practicals\practicals-08\2.scala. Using presentation compiler with project's scala-library version: 3.3.3
2024.08.13 09:25:42 INFO  no build target found for D:\2nd year\Functional Programming\Functional-Programming-practicals\practicals-08\2.scala. Using presentation compiler with project's scala-library version: 3.3.3
2024.08.13 09:25:42 INFO  no build target found for D:\2nd year\Functional Programming\Functional-Programming-practicals\practicals-08\2.scala. Using presentation compiler with project's scala-library version: 3.3.3
2024.08.13 09:25:42 INFO  no build target found for D:\2nd year\Functional Programming\Functional-Programming-practicals\practicals-08\2.scala. Using presentation compiler with project's scala-library version: 3.3.3
2024.08.13 09:25:42 INFO  no build target found for D:\2nd year\Functional Programming\Functional-Programming-practicals\practicals-08\2.scala. Using presentation compiler with project's scala-library version: 3.3.3
2024.08.13 09:25:42 INFO  no build target found for D:\2nd year\Functional Programming\Functional-Programming-practicals\practicals-08\2.scala. Using presentation compiler with project's scala-library version: 3.3.3
2024.08.13 09:25:41 INFO  no build target found for D:\2nd year\Functional Programming\Functional-Programming-practicals\practicals-08\2.scala. Using presentation compiler with project's scala-library version: 3.3.3
2024.08.13 09:25:42 INFO  no build target found for D:\2nd year\Functional Programming\Functional-Programming-practicals\practicals-08\2.scala. Using presentation compiler with project's scala-library version: 3.3.3
2024.08.13 09:25:42 INFO  no build target found for D:\2nd year\Functional Programming\Functional-Programming-practicals\practicals-08\2.scala. Using presentation compiler with project's scala-library version: 3.3.3
2024.08.13 09:25:43 INFO  no build target found for D:\2nd year\Functional Programming\Functional-Programming-practicals\practicals-08\2.scala. Using presentation compiler with project's scala-library version: 3.3.3
2024.08.13 09:25:43 WARN  no build target for: D:\2nd year\Functional Programming\Functional-Programming-practicals\practicals-08\2.scala
2024.08.13 09:25:43 INFO  no build target found for D:\2nd year\Functional Programming\Functional-Programming-practicals\practicals-08\2.scala. Using presentation compiler with project's scala-library version: 3.3.3
2024.08.13 09:25:43 INFO  no build target found for D:\2nd year\Functional Programming\Functional-Programming-practicals\practicals-08\2.scala. Using presentation compiler with project's scala-library version: 3.3.3
2024.08.13 09:25:43 INFO  no build target found for D:\2nd year\Functional Programming\Functional-Programming-practicals\practicals-08\2.scala. Using presentation compiler with project's scala-library version: 3.3.3
2024.08.13 09:25:44 INFO  no build target found for D:\2nd year\Functional Programming\Functional-Programming-practicals\practicals-08\2.scala. Using presentation compiler with project's scala-library version: 3.3.3
2024.08.13 09:25:43 INFO  no build target found for D:\2nd year\Functional Programming\Functional-Programming-practicals\practicals-08\2.scala. Using presentation compiler with project's scala-library version: 3.3.3
2024.08.13 09:25:44 INFO  no build target found for D:\2nd year\Functional Programming\Functional-Programming-practicals\practicals-08\2.scala. Using presentation compiler with project's scala-library version: 3.3.3
2024.08.13 09:25:44 INFO  no build target found for D:\2nd year\Functional Programming\Functional-Programming-practicals\practicals-08\2.scala. Using presentation compiler with project's scala-library version: 3.3.3
2024.08.13 09:25:45 WARN  no build target for: D:\2nd year\Functional Programming\Functional-Programming-practicals\practicals-08\2.scala
2024.08.13 09:25:45 INFO  no build target found for D:\2nd year\Functional Programming\Functional-Programming-practicals\practicals-08\2.scala. Using presentation compiler with project's scala-library version: 3.3.3
2024.08.13 09:25:45 INFO  no build target found for D:\2nd year\Functional Programming\Functional-Programming-practicals\practicals-08\2.scala. Using presentation compiler with project's scala-library version: 3.3.3
2024.08.13 09:25:45 INFO  no build target found for D:\2nd year\Functional Programming\Functional-Programming-practicals\practicals-08\2.scala. Using presentation compiler with project's scala-library version: 3.3.3
2024.08.13 09:25:45 INFO  no build target found for D:\2nd year\Functional Programming\Functional-Programming-practicals\practicals-08\2.scala. Using presentation compiler with project's scala-library version: 3.3.3
2024.08.13 09:25:45 INFO  no build target found for D:\2nd year\Functional Programming\Functional-Programming-practicals\practicals-08\2.scala. Using presentation compiler with project's scala-library version: 3.3.3
2024.08.13 09:25:45 INFO  no build target found for D:\2nd year\Functional Programming\Functional-Programming-practicals\practicals-08\2.scala. Using presentation compiler with project's scala-library version: 3.3.3
2024.08.13 09:25:45 INFO  no build target found for D:\2nd year\Functional Programming\Functional-Programming-practicals\practicals-08\2.scala. Using presentation compiler with project's scala-library version: 3.3.3
2024.08.13 09:25:45 INFO  no build target found for D:\2nd year\Functional Programming\Functional-Programming-practicals\practicals-08\2.scala. Using presentation compiler with project's scala-library version: 3.3.3
2024.08.13 09:25:46 INFO  no build target found for D:\2nd year\Functional Programming\Functional-Programming-practicals\practicals-08\2.scala. Using presentation compiler with project's scala-library version: 3.3.3
2024.08.13 09:25:45 INFO  no build target found for D:\2nd year\Functional Programming\Functional-Programming-practicals\practicals-08\2.scala. Using presentation compiler with project's scala-library version: 3.3.3
2024.08.13 09:25:45 INFO  no build target found for D:\2nd year\Functional Programming\Functional-Programming-practicals\practicals-08\2.scala. Using presentation compiler with project's scala-library version: 3.3.3
2024.08.13 09:25:46 INFO  no build target found for D:\2nd year\Functional Programming\Functional-Programming-practicals\practicals-08\2.scala. Using presentation compiler with project's scala-library version: 3.3.3
2024.08.13 09:25:47 INFO  no build target found for D:\2nd year\Functional Programming\Functional-Programming-practicals\practicals-08\2.scala. Using presentation compiler with project's scala-library version: 3.3.3
2024.08.13 09:25:47 INFO  no build target found for D:\2nd year\Functional Programming\Functional-Programming-practicals\practicals-08\2.scala. Using presentation compiler with project's scala-library version: 3.3.3
2024.08.13 09:25:47 WARN  no build target for: D:\2nd year\Functional Programming\Functional-Programming-practicals\practicals-08\2.scala
2024.08.13 09:25:47 INFO  no build target found for D:\2nd year\Functional Programming\Functional-Programming-practicals\practicals-08\2.scala. Using presentation compiler with project's scala-library version: 3.3.3
2024.08.13 09:25:47 INFO  no build target found for D:\2nd year\Functional Programming\Functional-Programming-practicals\practicals-08\2.scala. Using presentation compiler with project's scala-library version: 3.3.3
2024.08.13 09:25:47 INFO  no build target found for D:\2nd year\Functional Programming\Functional-Programming-practicals\practicals-08\2.scala. Using presentation compiler with project's scala-library version: 3.3.3
2024.08.13 09:25:47 INFO  no build target found for D:\2nd year\Functional Programming\Functional-Programming-practicals\practicals-08\2.scala. Using presentation compiler with project's scala-library version: 3.3.3
2024.08.13 09:25:47 INFO  no build target found for D:\2nd year\Functional Programming\Functional-Programming-practicals\practicals-08\2.scala. Using presentation compiler with project's scala-library version: 3.3.3
2024.08.13 09:25:47 INFO  no build target found for D:\2nd year\Functional Programming\Functional-Programming-practicals\practicals-08\2.scala. Using presentation compiler with project's scala-library version: 3.3.3
2024.08.13 09:25:47 INFO  no build target found for D:\2nd year\Functional Programming\Functional-Programming-practicals\practicals-08\2.scala. Using presentation compiler with project's scala-library version: 3.3.3
2024.08.13 09:25:47 INFO  no build target found for D:\2nd year\Functional Programming\Functional-Programming-practicals\practicals-08\2.scala. Using presentation compiler with project's scala-library version: 3.3.3
2024.08.13 09:25:48 INFO  no build target found for D:\2nd year\Functional Programming\Functional-Programming-practicals\practicals-08\2.scala. Using presentation compiler with project's scala-library version: 3.3.3
2024.08.13 09:25:48 INFO  no build target found for D:\2nd year\Functional Programming\Functional-Programming-practicals\practicals-08\2.scala. Using presentation compiler with project's scala-library version: 3.3.3
2024.08.13 09:25:48 INFO  no build target found for D:\2nd year\Functional Programming\Functional-Programming-practicals\practicals-08\2.scala. Using presentation compiler with project's scala-library version: 3.3.3
2024.08.13 09:25:48 INFO  no build target found for D:\2nd year\Functional Programming\Functional-Programming-practicals\practicals-08\2.scala. Using presentation compiler with project's scala-library version: 3.3.3
2024.08.13 09:25:49 WARN  no build target for: D:\2nd year\Functional Programming\Functional-Programming-practicals\practicals-08\2.scala
2024.08.13 09:25:49 INFO  no build target found for D:\2nd year\Functional Programming\Functional-Programming-practicals\practicals-08\2.scala. Using presentation compiler with project's scala-library version: 3.3.3
2024.08.13 09:25:49 INFO  no build target found for D:\2nd year\Functional Programming\Functional-Programming-practicals\practicals-08\2.scala. Using presentation compiler with project's scala-library version: 3.3.3
2024.08.13 09:25:49 INFO  no build target found for D:\2nd year\Functional Programming\Functional-Programming-practicals\practicals-08\2.scala. Using presentation compiler with project's scala-library version: 3.3.3
2024.08.13 09:25:49 INFO  no build target found for D:\2nd year\Functional Programming\Functional-Programming-practicals\practicals-08\2.scala. Using presentation compiler with project's scala-library version: 3.3.3
2024.08.13 09:25:51 INFO  no build target found for D:\2nd year\Functional Programming\Functional-Programming-practicals\practicals-08\2.scala. Using presentation compiler with project's scala-library version: 3.3.3
2024.08.13 09:25:51 INFO  no build target found for D:\2nd year\Functional Programming\Functional-Programming-practicals\practicals-08\2.scala. Using presentation compiler with project's scala-library version: 3.3.3
2024.08.13 09:25:51 INFO  no build target found for D:\2nd year\Functional Programming\Functional-Programming-practicals\practicals-08\2.scala. Using presentation compiler with project's scala-library version: 3.3.3
2024.08.13 09:25:51 INFO  no build target found for D:\2nd year\Functional Programming\Functional-Programming-practicals\practicals-08\2.scala. Using presentation compiler with project's scala-library version: 3.3.3
2024.08.13 09:25:52 INFO  no build target found for D:\2nd year\Functional Programming\Functional-Programming-practicals\practicals-08\2.scala. Using presentation compiler with project's scala-library version: 3.3.3
2024.08.13 09:25:54 INFO  no build target found for D:\2nd year\Functional Programming\Functional-Programming-practicals\practicals-08\2.scala. Using presentation compiler with project's scala-library version: 3.3.3
2024.08.13 09:25:54 INFO  no build target found for D:\2nd year\Functional Programming\Functional-Programming-practicals\practicals-08\2.scala. Using presentation compiler with project's scala-library version: 3.3.3
2024.08.13 09:25:54 INFO  no build target found for D:\2nd year\Functional Programming\Functional-Programming-practicals\practicals-08\2.scala. Using presentation compiler with project's scala-library version: 3.3.3
2024.08.13 09:25:54 INFO  no build target found for D:\2nd year\Functional Programming\Functional-Programming-practicals\practicals-08\2.scala. Using presentation compiler with project's scala-library version: 3.3.3
2024.08.13 09:25:54 INFO  no build target found for D:\2nd year\Functional Programming\Functional-Programming-practicals\practicals-08\2.scala. Using presentation compiler with project's scala-library version: 3.3.3
2024.08.13 09:25:54 INFO  no build target found for D:\2nd year\Functional Programming\Functional-Programming-practicals\practicals-08\2.scala. Using presentation compiler with project's scala-library version: 3.3.3
2024.08.13 09:25:55 INFO  no build target found for D:\2nd year\Functional Programming\Functional-Programming-practicals\practicals-08\2.scala. Using presentation compiler with project's scala-library version: 3.3.3
2024.08.13 09:25:56 INFO  no build target found for D:\2nd year\Functional Programming\Functional-Programming-practicals\practicals-08\2.scala. Using presentation compiler with project's scala-library version: 3.3.3
2024.08.13 09:25:56 INFO  no build target found for D:\2nd year\Functional Programming\Functional-Programming-practicals\practicals-08\2.scala. Using presentation compiler with project's scala-library version: 3.3.3
2024.08.13 09:25:56 INFO  no build target found for D:\2nd year\Functional Programming\Functional-Programming-practicals\practicals-08\2.scala. Using presentation compiler with project's scala-library version: 3.3.3
2024.08.13 09:25:56 WARN  no build target for: D:\2nd year\Functional Programming\Functional-Programming-practicals\practicals-08\2.scala
2024.08.13 09:25:56 INFO  no build target found for D:\2nd year\Functional Programming\Functional-Programming-practicals\practicals-08\2.scala. Using presentation compiler with project's scala-library version: 3.3.3
2024.08.13 09:25:56 INFO  no build target found for D:\2nd year\Functional Programming\Functional-Programming-practicals\practicals-08\2.scala. Using presentation compiler with project's scala-library version: 3.3.3
2024.08.13 09:25:57 INFO  no build target found for D:\2nd year\Functional Programming\Functional-Programming-practicals\practicals-08\2.scala. Using presentation compiler with project's scala-library version: 3.3.3
2024.08.13 09:25:56 INFO  no build target found for D:\2nd year\Functional Programming\Functional-Programming-practicals\practicals-08\2.scala. Using presentation compiler with project's scala-library version: 3.3.3
2024.08.13 09:25:57 INFO  no build target found for D:\2nd year\Functional Programming\Functional-Programming-practicals\practicals-08\2.scala. Using presentation compiler with project's scala-library version: 3.3.3
2024.08.13 09:25:58 INFO  no build target found for D:\2nd year\Functional Programming\Functional-Programming-practicals\practicals-08\2.scala. Using presentation compiler with project's scala-library version: 3.3.3
2024.08.13 09:25:58 WARN  no build target for: D:\2nd year\Functional Programming\Functional-Programming-practicals\practicals-08\2.scala
2024.08.13 09:25:58 INFO  no build target found for D:\2nd year\Functional Programming\Functional-Programming-practicals\practicals-08\2.scala. Using presentation compiler with project's scala-library version: 3.3.3
2024.08.13 09:25:59 INFO  no build target found for D:\2nd year\Functional Programming\Functional-Programming-practicals\practicals-08\2.scala. Using presentation compiler with project's scala-library version: 3.3.3
2024.08.13 09:25:59 INFO  no build target found for D:\2nd year\Functional Programming\Functional-Programming-practicals\practicals-08\2.scala. Using presentation compiler with project's scala-library version: 3.3.3
2024.08.13 09:25:59 INFO  no build target found for D:\2nd year\Functional Programming\Functional-Programming-practicals\practicals-08\2.scala. Using presentation compiler with project's scala-library version: 3.3.3
2024.08.13 09:25:59 INFO  no build target found for D:\2nd year\Functional Programming\Functional-Programming-practicals\practicals-08\2.scala. Using presentation compiler with project's scala-library version: 3.3.3
2024.08.13 09:26:00 INFO  no build target found for D:\2nd year\Functional Programming\Functional-Programming-practicals\practicals-08\2.scala. Using presentation compiler with project's scala-library version: 3.3.3
2024.08.13 09:25:59 INFO  no build target found for D:\2nd year\Functional Programming\Functional-Programming-practicals\practicals-08\2.scala. Using presentation compiler with project's scala-library version: 3.3.3
2024.08.13 09:26:00 INFO  no build target found for D:\2nd year\Functional Programming\Functional-Programming-practicals\practicals-08\2.scala. Using presentation compiler with project's scala-library version: 3.3.3
2024.08.13 09:26:01 WARN  no build target for: D:\2nd year\Functional Programming\Functional-Programming-practicals\practicals-08\2.scala
2024.08.13 09:26:00 INFO  no build target found for D:\2nd year\Functional Programming\Functional-Programming-practicals\practicals-08\2.scala. Using presentation compiler with project's scala-library version: 3.3.3
2024.08.13 09:26:00 INFO  no build target found for D:\2nd year\Functional Programming\Functional-Programming-practicals\practicals-08\2.scala. Using presentation compiler with project's scala-library version: 3.3.3
2024.08.13 09:26:01 INFO  no build target found for D:\2nd year\Functional Programming\Functional-Programming-practicals\practicals-08\2.scala. Using presentation compiler with project's scala-library version: 3.3.3
2024.08.13 09:26:01 INFO  no build target found for D:\2nd year\Functional Programming\Functional-Programming-practicals\practicals-08\2.scala. Using presentation compiler with project's scala-library version: 3.3.3
2024.08.13 09:26:01 INFO  no build target found for D:\2nd year\Functional Programming\Functional-Programming-practicals\practicals-08\2.scala. Using presentation compiler with project's scala-library version: 3.3.3
2024.08.13 09:26:01 INFO  no build target found for D:\2nd year\Functional Programming\Functional-Programming-practicals\practicals-08\2.scala. Using presentation compiler with project's scala-library version: 3.3.3
2024.08.13 09:26:02 INFO  no build target found for D:\2nd year\Functional Programming\Functional-Programming-practicals\practicals-08\2.scala. Using presentation compiler with project's scala-library version: 3.3.3
2024.08.13 09:26:01 INFO  no build target found for D:\2nd year\Functional Programming\Functional-Programming-practicals\practicals-08\2.scala. Using presentation compiler with project's scala-library version: 3.3.3
2024.08.13 09:26:02 INFO  no build target found for D:\2nd year\Functional Programming\Functional-Programming-practicals\practicals-08\2.scala. Using presentation compiler with project's scala-library version: 3.3.3
2024.08.13 09:26:02 INFO  no build target found for D:\2nd year\Functional Programming\Functional-Programming-practicals\practicals-08\2.scala. Using presentation compiler with project's scala-library version: 3.3.3
2024.08.13 09:26:02 INFO  no build target found for D:\2nd year\Functional Programming\Functional-Programming-practicals\practicals-08\2.scala. Using presentation compiler with project's scala-library version: 3.3.3
2024.08.13 09:26:03 INFO  no build target found for D:\2nd year\Functional Programming\Functional-Programming-practicals\practicals-08\2.scala. Using presentation compiler with project's scala-library version: 3.3.3
2024.08.13 09:26:04 INFO  no build target found for D:\2nd year\Functional Programming\Functional-Programming-practicals\practicals-08\2.scala. Using presentation compiler with project's scala-library version: 3.3.3
2024.08.13 09:26:04 INFO  no build target found for D:\2nd year\Functional Programming\Functional-Programming-practicals\practicals-08\2.scala. Using presentation compiler with project's scala-library version: 3.3.3
2024.08.13 09:26:04 INFO  no build target found for D:\2nd year\Functional Programming\Functional-Programming-practicals\practicals-08\2.scala. Using presentation compiler with project's scala-library version: 3.3.3
2024.08.13 09:26:04 INFO  no build target found for D:\2nd year\Functional Programming\Functional-Programming-practicals\practicals-08\2.scala. Using presentation compiler with project's scala-library version: 3.3.3
2024.08.13 09:26:05 INFO  no build target found for D:\2nd year\Functional Programming\Functional-Programming-practicals\practicals-08\2.scala. Using presentation compiler with project's scala-library version: 3.3.3
2024.08.13 09:26:05 INFO  no build target found for D:\2nd year\Functional Programming\Functional-Programming-practicals\practicals-08\2.scala. Using presentation compiler with project's scala-library version: 3.3.3
2024.08.13 09:26:05 INFO  no build target found for D:\2nd year\Functional Programming\Functional-Programming-practicals\practicals-08\2.scala. Using presentation compiler with project's scala-library version: 3.3.3
2024.08.13 09:26:05 INFO  no build target found for D:\2nd year\Functional Programming\Functional-Programming-practicals\practicals-08\2.scala. Using presentation compiler with project's scala-library version: 3.3.3
2024.08.13 09:26:06 INFO  no build target found for D:\2nd year\Functional Programming\Functional-Programming-practicals\practicals-08\2.scala. Using presentation compiler with project's scala-library version: 3.3.3
2024.08.13 09:26:06 INFO  no build target found for D:\2nd year\Functional Programming\Functional-Programming-practicals\practicals-08\2.scala. Using presentation compiler with project's scala-library version: 3.3.3
2024.08.13 09:26:06 INFO  no build target found for D:\2nd year\Functional Programming\Functional-Programming-practicals\practicals-08\2.scala. Using presentation compiler with project's scala-library version: 3.3.3
2024.08.13 09:26:07 INFO  no build target found for D:\2nd year\Functional Programming\Functional-Programming-practicals\practicals-08\2.scala. Using presentation compiler with project's scala-library version: 3.3.3
2024.08.13 09:26:07 INFO  no build target found for D:\2nd year\Functional Programming\Functional-Programming-practicals\practicals-08\2.scala. Using presentation compiler with project's scala-library version: 3.3.3
2024.08.13 09:26:07 INFO  no build target found for D:\2nd year\Functional Programming\Functional-Programming-practicals\practicals-08\2.scala. Using presentation compiler with project's scala-library version: 3.3.3
2024.08.13 09:26:07 INFO  no build target found for D:\2nd year\Functional Programming\Functional-Programming-practicals\practicals-08\2.scala. Using presentation compiler with project's scala-library version: 3.3.3
2024.08.13 09:26:08 INFO  no build target found for D:\2nd year\Functional Programming\Functional-Programming-practicals\practicals-08\2.scala. Using presentation compiler with project's scala-library version: 3.3.3
2024.08.13 09:26:08 INFO  no build target found for D:\2nd year\Functional Programming\Functional-Programming-practicals\practicals-08\2.scala. Using presentation compiler with project's scala-library version: 3.3.3
2024.08.13 09:26:08 INFO  no build target found for D:\2nd year\Functional Programming\Functional-Programming-practicals\practicals-08\2.scala. Using presentation compiler with project's scala-library version: 3.3.3
2024.08.13 09:26:09 WARN  no build target for: D:\2nd year\Functional Programming\Functional-Programming-practicals\practicals-08\2.scala
2024.08.13 09:26:09 INFO  no build target found for D:\2nd year\Functional Programming\Functional-Programming-practicals\practicals-08\2.scala. Using presentation compiler with project's scala-library version: 3.3.3
2024.08.13 09:26:09 INFO  no build target found for D:\2nd year\Functional Programming\Functional-Programming-practicals\practicals-08\2.scala. Using presentation compiler with project's scala-library version: 3.3.3
2024.08.13 09:26:08 INFO  no build target found for D:\2nd year\Functional Programming\Functional-Programming-practicals\practicals-08\2.scala. Using presentation compiler with project's scala-library version: 3.3.3
2024.08.13 09:26:09 INFO  no build target found for D:\2nd year\Functional Programming\Functional-Programming-practicals\practicals-08\2.scala. Using presentation compiler with project's scala-library version: 3.3.3
2024.08.13 09:26:09 INFO  no build target found for D:\2nd year\Functional Programming\Functional-Programming-practicals\practicals-08\2.scala. Using presentation compiler with project's scala-library version: 3.3.3
2024.08.13 09:26:09 INFO  no build target found for D:\2nd year\Functional Programming\Functional-Programming-practicals\practicals-08\2.scala. Using presentation compiler with project's scala-library version: 3.3.3
2024.08.13 09:26:11 INFO  no build target found for D:\2nd year\Functional Programming\Functional-Programming-practicals\practicals-08\2.scala. Using presentation compiler with project's scala-library version: 3.3.3
2024.08.13 09:26:11 INFO  no build target found for D:\2nd year\Functional Programming\Functional-Programming-practicals\practicals-08\2.scala. Using presentation compiler with project's scala-library version: 3.3.3
2024.08.13 09:26:11 INFO  no build target found for D:\2nd year\Functional Programming\Functional-Programming-practicals\practicals-08\2.scala. Using presentation compiler with project's scala-library version: 3.3.3
2024.08.13 09:26:12 INFO  no build target found for D:\2nd year\Functional Programming\Functional-Programming-practicals\practicals-08\2.scala. Using presentation compiler with project's scala-library version: 3.3.3
2024.08.13 09:26:11 INFO  no build target found for D:\2nd year\Functional Programming\Functional-Programming-practicals\practicals-08\2.scala. Using presentation compiler with project's scala-library version: 3.3.3
2024.08.13 09:26:12 INFO  no build target found for D:\2nd year\Functional Programming\Functional-Programming-practicals\practicals-08\2.scala. Using presentation compiler with project's scala-library version: 3.3.3
2024.08.13 09:26:12 INFO  no build target found for D:\2nd year\Functional Programming\Functional-Programming-practicals\practicals-08\2.scala. Using presentation compiler with project's scala-library version: 3.3.3
2024.08.13 09:26:12 INFO  no build target found for D:\2nd year\Functional Programming\Functional-Programming-practicals\practicals-08\2.scala. Using presentation compiler with project's scala-library version: 3.3.3
2024.08.13 09:26:14 INFO  no build target found for D:\2nd year\Functional Programming\Functional-Programming-practicals\practicals-08\2.scala. Using presentation compiler with project's scala-library version: 3.3.3
2024.08.13 09:26:14 INFO  no build target found for D:\2nd year\Functional Programming\Functional-Programming-practicals\practicals-08\2.scala. Using presentation compiler with project's scala-library version: 3.3.3
2024.08.13 09:26:15 WARN  no build target for: D:\2nd year\Functional Programming\Functional-Programming-practicals\practicals-08\2.scala
2024.08.13 09:26:15 INFO  no build target found for D:\2nd year\Functional Programming\Functional-Programming-practicals\practicals-08\2.scala. Using presentation compiler with project's scala-library version: 3.3.3
2024.08.13 09:26:15 INFO  no build target found for D:\2nd year\Functional Programming\Functional-Programming-practicals\practicals-08\2.scala. Using presentation compiler with project's scala-library version: 3.3.3
2024.08.13 09:26:16 INFO  no build target found for D:\2nd year\Functional Programming\Functional-Programming-practicals\practicals-08\2.scala. Using presentation compiler with project's scala-library version: 3.3.3
2024.08.13 09:26:16 INFO  no build target found for D:\2nd year\Functional Programming\Functional-Programming-practicals\practicals-08\2.scala. Using presentation compiler with project's scala-library version: 3.3.3
2024.08.13 09:26:16 INFO  no build target found for D:\2nd year\Functional Programming\Functional-Programming-practicals\practicals-08\2.scala. Using presentation compiler with project's scala-library version: 3.3.3
2024.08.13 09:26:16 INFO  no build target found for D:\2nd year\Functional Programming\Functional-Programming-practicals\practicals-08\2.scala. Using presentation compiler with project's scala-library version: 3.3.3
2024.08.13 09:26:19 INFO  no build target found for D:\2nd year\Functional Programming\Functional-Programming-practicals\practicals-08\2.scala. Using presentation compiler with project's scala-library version: 3.3.3
2024.08.13 09:26:19 INFO  no build target found for D:\2nd year\Functional Programming\Functional-Programming-practicals\practicals-08\2.scala. Using presentation compiler with project's scala-library version: 3.3.3
2024.08.13 09:26:19 INFO  no build target found for D:\2nd year\Functional Programming\Functional-Programming-practicals\practicals-08\2.scala. Using presentation compiler with project's scala-library version: 3.3.3
2024.08.13 09:26:20 INFO  no build target found for D:\2nd year\Functional Programming\Functional-Programming-practicals\practicals-08\2.scala. Using presentation compiler with project's scala-library version: 3.3.3
2024.08.13 09:26:20 INFO  no build target found for D:\2nd year\Functional Programming\Functional-Programming-practicals\practicals-08\2.scala. Using presentation compiler with project's scala-library version: 3.3.3
Aug 13, 2024 9:26:21 AM org.eclipse.lsp4j.jsonrpc.RemoteEndpoint handleCancellation
WARNING: Unmatched cancel notification for request id 700
2024.08.13 09:26:21 INFO  no build target found for D:\2nd year\Functional Programming\Functional-Programming-practicals\practicals-08\2.scala. Using presentation compiler with project's scala-library version: 3.3.3
2024.08.13 09:26:21 INFO  no build target found for D:\2nd year\Functional Programming\Functional-Programming-practicals\practicals-08\2.scala. Using presentation compiler with project's scala-library version: 3.3.3
2024.08.13 09:26:23 INFO  no build target found for D:\2nd year\Functional Programming\Functional-Programming-practicals\practicals-08\2.scala. Using presentation compiler with project's scala-library version: 3.3.3
2024.08.13 09:26:23 INFO  no build target found for D:\2nd year\Functional Programming\Functional-Programming-practicals\practicals-08\2.scala. Using presentation compiler with project's scala-library version: 3.3.3
2024.08.13 09:26:23 INFO  no build target found for D:\2nd year\Functional Programming\Functional-Programming-practicals\practicals-08\2.scala. Using presentation compiler with project's scala-library version: 3.3.3
2024.08.13 09:26:23 INFO  no build target found for D:\2nd year\Functional Programming\Functional-Programming-practicals\practicals-08\2.scala. Using presentation compiler with project's scala-library version: 3.3.3
2024.08.13 09:26:23 INFO  no build target found for D:\2nd year\Functional Programming\Functional-Programming-practicals\practicals-08\2.scala. Using presentation compiler with project's scala-library version: 3.3.3
2024.08.13 09:26:23 INFO  no build target found for D:\2nd year\Functional Programming\Functional-Programming-practicals\practicals-08\2.scala. Using presentation compiler with project's scala-library version: 3.3.3
2024.08.13 09:26:24 INFO  no build target found for D:\2nd year\Functional Programming\Functional-Programming-practicals\practicals-08\2.scala. Using presentation compiler with project's scala-library version: 3.3.3
2024.08.13 09:26:24 INFO  no build target found for D:\2nd year\Functional Programming\Functional-Programming-practicals\practicals-08\2.scala. Using presentation compiler with project's scala-library version: 3.3.3
2024.08.13 09:26:24 INFO  no build target found for D:\2nd year\Functional Programming\Functional-Programming-practicals\practicals-08\2.scala. Using presentation compiler with project's scala-library version: 3.3.3
2024.08.13 09:26:24 INFO  no build target found for D:\2nd year\Functional Programming\Functional-Programming-practicals\practicals-08\2.scala. Using presentation compiler with project's scala-library version: 3.3.3
2024.08.13 09:26:25 INFO  no build target found for D:\2nd year\Functional Programming\Functional-Programming-practicals\practicals-08\2.scala. Using presentation compiler with project's scala-library version: 3.3.3
2024.08.13 09:26:24 INFO  no build target found for D:\2nd year\Functional Programming\Functional-Programming-practicals\practicals-08\2.scala. Using presentation compiler with project's scala-library version: 3.3.3
2024.08.13 09:26:25 INFO  no build target found for D:\2nd year\Functional Programming\Functional-Programming-practicals\practicals-08\2.scala. Using presentation compiler with project's scala-library version: 3.3.3
2024.08.13 09:26:27 INFO  no build target found for D:\2nd year\Functional Programming\Functional-Programming-practicals\practicals-08\2.scala. Using presentation compiler with project's scala-library version: 3.3.3
2024.08.13 09:26:27 INFO  no build target found for D:\2nd year\Functional Programming\Functional-Programming-practicals\practicals-08\2.scala. Using presentation compiler with project's scala-library version: 3.3.3
2024.08.13 09:26:27 INFO  no build target found for D:\2nd year\Functional Programming\Functional-Programming-practicals\practicals-08\2.scala. Using presentation compiler with project's scala-library version: 3.3.3
2024.08.13 09:26:27 INFO  no build target found for D:\2nd year\Functional Programming\Functional-Programming-practicals\practicals-08\2.scala. Using presentation compiler with project's scala-library version: 3.3.3
2024.08.13 09:26:28 INFO  no build target found for D:\2nd year\Functional Programming\Functional-Programming-practicals\practicals-08\2.scala. Using presentation compiler with project's scala-library version: 3.3.3
2024.08.13 09:26:28 INFO  no build target found for D:\2nd year\Functional Programming\Functional-Programming-practicals\practicals-08\2.scala. Using presentation compiler with project's scala-library version: 3.3.3
2024.08.13 09:26:28 INFO  no build target found for D:\2nd year\Functional Programming\Functional-Programming-practicals\practicals-08\2.scala. Using presentation compiler with project's scala-library version: 3.3.3
2024.08.13 09:26:28 INFO  no build target found for D:\2nd year\Functional Programming\Functional-Programming-practicals\practicals-08\2.scala. Using presentation compiler with project's scala-library version: 3.3.3
2024.08.13 09:26:29 INFO  no build target found for D:\2nd year\Functional Programming\Functional-Programming-practicals\practicals-08\2.scala. Using presentation compiler with project's scala-library version: 3.3.3
2024.08.13 09:26:29 INFO  no build target found for D:\2nd year\Functional Programming\Functional-Programming-practicals\practicals-08\2.scala. Using presentation compiler with project's scala-library version: 3.3.3
2024.08.13 09:26:29 INFO  no build target found for D:\2nd year\Functional Programming\Functional-Programming-practicals\practicals-08\2.scala. Using presentation compiler with project's scala-library version: 3.3.3
2024.08.13 09:26:30 INFO  no build target found for D:\2nd year\Functional Programming\Functional-Programming-practicals\practicals-08\2.scala. Using presentation compiler with project's scala-library version: 3.3.3
2024.08.13 09:26:29 INFO  no build target found for D:\2nd year\Functional Programming\Functional-Programming-practicals\practicals-08\2.scala. Using presentation compiler with project's scala-library version: 3.3.3
2024.08.13 09:26:29 INFO  no build target found for D:\2nd year\Functional Programming\Functional-Programming-practicals\practicals-08\2.scala. Using presentation compiler with project's scala-library version: 3.3.3
2024.08.13 09:26:30 INFO  no build target found for D:\2nd year\Functional Programming\Functional-Programming-practicals\practicals-08\2.scala. Using presentation compiler with project's scala-library version: 3.3.3
2024.08.13 09:26:31 INFO  no build target found for D:\2nd year\Functional Programming\Functional-Programming-practicals\practicals-08\2.scala. Using presentation compiler with project's scala-library version: 3.3.3
2024.08.13 09:26:30 INFO  no build target found for D:\2nd year\Functional Programming\Functional-Programming-practicals\practicals-08\2.scala. Using presentation compiler with project's scala-library version: 3.3.3
2024.08.13 09:26:31 INFO  no build target found for D:\2nd year\Functional Programming\Functional-Programming-practicals\practicals-08\2.scala. Using presentation compiler with project's scala-library version: 3.3.3
2024.08.13 09:26:31 INFO  no build target found for D:\2nd year\Functional Programming\Functional-Programming-practicals\practicals-08\2.scala. Using presentation compiler with project's scala-library version: 3.3.3
2024.08.13 09:26:32 INFO  no build target found for D:\2nd year\Functional Programming\Functional-Programming-practicals\practicals-08\2.scala. Using presentation compiler with project's scala-library version: 3.3.3
2024.08.13 09:26:32 INFO  no build target found for D:\2nd year\Functional Programming\Functional-Programming-practicals\practicals-08\2.scala. Using presentation compiler with project's scala-library version: 3.3.3
2024.08.13 09:26:32 INFO  no build target found for D:\2nd year\Functional Programming\Functional-Programming-practicals\practicals-08\2.scala. Using presentation compiler with project's scala-library version: 3.3.3
2024.08.13 09:26:32 INFO  no build target found for D:\2nd year\Functional Programming\Functional-Programming-practicals\practicals-08\2.scala. Using presentation compiler with project's scala-library version: 3.3.3
2024.08.13 09:26:32 INFO  no build target found for D:\2nd year\Functional Programming\Functional-Programming-practicals\practicals-08\2.scala. Using presentation compiler with project's scala-library version: 3.3.3
2024.08.13 09:26:33 INFO  no build target found for D:\2nd year\Functional Programming\Functional-Programming-practicals\practicals-08\2.scala. Using presentation compiler with project's scala-library version: 3.3.3
2024.08.13 09:26:33 INFO  no build target found for D:\2nd year\Functional Programming\Functional-Programming-practicals\practicals-08\2.scala. Using presentation compiler with project's scala-library version: 3.3.3
2024.08.13 09:26:34 INFO  no build target found for D:\2nd year\Functional Programming\Functional-Programming-practicals\practicals-08\2.scala. Using presentation compiler with project's scala-library version: 3.3.3
2024.08.13 09:26:35 INFO  no build target found for D:\2nd year\Functional Programming\Functional-Programming-practicals\practicals-08\2.scala. Using presentation compiler with project's scala-library version: 3.3.3
2024.08.13 09:26:34 INFO  no build target found for D:\2nd year\Functional Programming\Functional-Programming-practicals\practicals-08\2.scala. Using presentation compiler with project's scala-library version: 3.3.3
2024.08.13 09:26:35 INFO  no build target found for D:\2nd year\Functional Programming\Functional-Programming-practicals\practicals-08\2.scala. Using presentation compiler with project's scala-library version: 3.3.3
2024.08.13 09:26:36 WARN  no build target for: D:\2nd year\Functional Programming\Functional-Programming-practicals\practicals-08\2.scala
2024.08.13 09:26:35 INFO  no build target found for D:\2nd year\Functional Programming\Functional-Programming-practicals\practicals-08\2.scala. Using presentation compiler with project's scala-library version: 3.3.3
2024.08.13 09:26:36 INFO  no build target found for D:\2nd year\Functional Programming\Functional-Programming-practicals\practicals-08\2.scala. Using presentation compiler with project's scala-library version: 3.3.3
2024.08.13 09:26:36 INFO  no build target found for D:\2nd year\Functional Programming\Functional-Programming-practicals\practicals-08\2.scala. Using presentation compiler with project's scala-library version: 3.3.3
2024.08.13 09:26:37 INFO  no build target found for D:\2nd year\Functional Programming\Functional-Programming-practicals\practicals-08\2.scala. Using presentation compiler with project's scala-library version: 3.3.3
2024.08.13 09:26:37 INFO  no build target found for D:\2nd year\Functional Programming\Functional-Programming-practicals\practicals-08\2.scala. Using presentation compiler with project's scala-library version: 3.3.3
2024.08.13 09:26:37 INFO  no build target found for D:\2nd year\Functional Programming\Functional-Programming-practicals\practicals-08\2.scala. Using presentation compiler with project's scala-library version: 3.3.3
2024.08.13 09:26:37 INFO  no build target found for D:\2nd year\Functional Programming\Functional-Programming-practicals\practicals-08\2.scala. Using presentation compiler with project's scala-library version: 3.3.3
2024.08.13 09:26:37 INFO  no build target found for D:\2nd year\Functional Programming\Functional-Programming-practicals\practicals-08\2.scala. Using presentation compiler with project's scala-library version: 3.3.3
2024.08.13 09:26:37 INFO  no build target found for D:\2nd year\Functional Programming\Functional-Programming-practicals\practicals-08\2.scala. Using presentation compiler with project's scala-library version: 3.3.3
2024.08.13 09:26:37 INFO  no build target found for D:\2nd year\Functional Programming\Functional-Programming-practicals\practicals-08\2.scala. Using presentation compiler with project's scala-library version: 3.3.3
2024.08.13 09:26:37 INFO  no build target found for D:\2nd year\Functional Programming\Functional-Programming-practicals\practicals-08\2.scala. Using presentation compiler with project's scala-library version: 3.3.3
2024.08.13 09:26:38 INFO  no build target found for D:\2nd year\Functional Programming\Functional-Programming-practicals\practicals-08\2.scala. Using presentation compiler with project's scala-library version: 3.3.3
2024.08.13 09:26:38 INFO  no build target found for D:\2nd year\Functional Programming\Functional-Programming-practicals\practicals-08\2.scala. Using presentation compiler with project's scala-library version: 3.3.3
2024.08.13 09:26:38 INFO  no build target found for D:\2nd year\Functional Programming\Functional-Programming-practicals\practicals-08\2.scala. Using presentation compiler with project's scala-library version: 3.3.3
2024.08.13 09:26:38 INFO  no build target found for D:\2nd year\Functional Programming\Functional-Programming-practicals\practicals-08\2.scala. Using presentation compiler with project's scala-library version: 3.3.3
2024.08.13 09:26:38 INFO  no build target found for D:\2nd year\Functional Programming\Functional-Programming-practicals\practicals-08\2.scala. Using presentation compiler with project's scala-library version: 3.3.3
2024.08.13 09:26:38 INFO  no build target found for D:\2nd year\Functional Programming\Functional-Programming-practicals\practicals-08\2.scala. Using presentation compiler with project's scala-library version: 3.3.3
2024.08.13 09:26:38 INFO  no build target found for D:\2nd year\Functional Programming\Functional-Programming-practicals\practicals-08\2.scala. Using presentation compiler with project's scala-library version: 3.3.3
2024.08.13 09:26:38 INFO  no build target found for D:\2nd year\Functional Programming\Functional-Programming-practicals\practicals-08\2.scala. Using presentation compiler with project's scala-library version: 3.3.3
2024.08.13 09:26:38 INFO  no build target found for D:\2nd year\Functional Programming\Functional-Programming-practicals\practicals-08\2.scala. Using presentation compiler with project's scala-library version: 3.3.3
2024.08.13 09:26:39 INFO  no build target found for D:\2nd year\Functional Programming\Functional-Programming-practicals\practicals-08\2.scala. Using presentation compiler with project's scala-library version: 3.3.3
2024.08.13 09:26:39 INFO  no build target found for D:\2nd year\Functional Programming\Functional-Programming-practicals\practicals-08\2.scala. Using presentation compiler with project's scala-library version: 3.3.3
2024.08.13 09:26:39 INFO  no build target found for D:\2nd year\Functional Programming\Functional-Programming-practicals\practicals-08\2.scala. Using presentation compiler with project's scala-library version: 3.3.3
2024.08.13 09:26:39 INFO  no build target found for D:\2nd year\Functional Programming\Functional-Programming-practicals\practicals-08\2.scala. Using presentation compiler with project's scala-library version: 3.3.3
2024.08.13 09:26:40 INFO  no build target found for D:\2nd year\Functional Programming\Functional-Programming-practicals\practicals-08\2.scala. Using presentation compiler with project's scala-library version: 3.3.3
2024.08.13 09:26:40 INFO  no build target found for D:\2nd year\Functional Programming\Functional-Programming-practicals\practicals-08\2.scala. Using presentation compiler with project's scala-library version: 3.3.3
2024.08.13 09:26:40 INFO  no build target found for D:\2nd year\Functional Programming\Functional-Programming-practicals\practicals-08\2.scala. Using presentation compiler with project's scala-library version: 3.3.3
2024.08.13 09:26:40 INFO  no build target found for D:\2nd year\Functional Programming\Functional-Programming-practicals\practicals-08\2.scala. Using presentation compiler with project's scala-library version: 3.3.3
2024.08.13 09:26:41 INFO  no build target found for D:\2nd year\Functional Programming\Functional-Programming-practicals\practicals-08\2.scala. Using presentation compiler with project's scala-library version: 3.3.3
2024.08.13 09:26:41 INFO  no build target found for D:\2nd year\Functional Programming\Functional-Programming-practicals\practicals-08\2.scala. Using presentation compiler with project's scala-library version: 3.3.3
2024.08.13 09:26:42 INFO  no build target found for D:\2nd year\Functional Programming\Functional-Programming-practicals\practicals-08\2.scala. Using presentation compiler with project's scala-library version: 3.3.3
2024.08.13 09:26:42 INFO  no build target found for D:\2nd year\Functional Programming\Functional-Programming-practicals\practicals-08\2.scala. Using presentation compiler with project's scala-library version: 3.3.3
2024.08.13 09:26:42 INFO  no build target found for D:\2nd year\Functional Programming\Functional-Programming-practicals\practicals-08\2.scala. Using presentation compiler with project's scala-library version: 3.3.3
2024.08.13 09:26:43 INFO  no build target found for D:\2nd year\Functional Programming\Functional-Programming-practicals\practicals-08\2.scala. Using presentation compiler with project's scala-library version: 3.3.3
2024.08.13 09:26:42 INFO  no build target found for D:\2nd year\Functional Programming\Functional-Programming-practicals\practicals-08\2.scala. Using presentation compiler with project's scala-library version: 3.3.3
2024.08.13 09:26:42 INFO  no build target found for D:\2nd year\Functional Programming\Functional-Programming-practicals\practicals-08\2.scala. Using presentation compiler with project's scala-library version: 3.3.3
2024.08.13 09:26:43 INFO  no build target found for D:\2nd year\Functional Programming\Functional-Programming-practicals\practicals-08\2.scala. Using presentation compiler with project's scala-library version: 3.3.3
2024.08.13 09:26:44 INFO  no build target found for D:\2nd year\Functional Programming\Functional-Programming-practicals\practicals-08\2.scala. Using presentation compiler with project's scala-library version: 3.3.3
2024.08.13 09:26:44 INFO  no build target found for D:\2nd year\Functional Programming\Functional-Programming-practicals\practicals-08\2.scala. Using presentation compiler with project's scala-library version: 3.3.3
2024.08.13 09:26:44 INFO  no build target found for D:\2nd year\Functional Programming\Functional-Programming-practicals\practicals-08\2.scala. Using presentation compiler with project's scala-library version: 3.3.3
2024.08.13 09:26:44 INFO  no build target found for D:\2nd year\Functional Programming\Functional-Programming-practicals\practicals-08\2.scala. Using presentation compiler with project's scala-library version: 3.3.3
2024.08.13 09:26:44 INFO  no build target found for D:\2nd year\Functional Programming\Functional-Programming-practicals\practicals-08\2.scala. Using presentation compiler with project's scala-library version: 3.3.3
2024.08.13 09:26:45 INFO  no build target found for D:\2nd year\Functional Programming\Functional-Programming-practicals\practicals-08\2.scala. Using presentation compiler with project's scala-library version: 3.3.3
2024.08.13 09:26:46 INFO  no build target found for D:\2nd year\Functional Programming\Functional-Programming-practicals\practicals-08\2.scala. Using presentation compiler with project's scala-library version: 3.3.3
2024.08.13 09:26:46 INFO  no build target found for D:\2nd year\Functional Programming\Functional-Programming-practicals\practicals-08\2.scala. Using presentation compiler with project's scala-library version: 3.3.3
2024.08.13 09:26:46 WARN  no build target for: D:\2nd year\Functional Programming\Functional-Programming-practicals\practicals-08\2.scala
2024.08.13 09:26:46 INFO  no build target found for D:\2nd year\Functional Programming\Functional-Programming-practicals\practicals-08\2.scala. Using presentation compiler with project's scala-library version: 3.3.3
2024.08.13 09:26:46 INFO  no build target found for D:\2nd year\Functional Programming\Functional-Programming-practicals\practicals-08\2.scala. Using presentation compiler with project's scala-library version: 3.3.3
2024.08.13 09:26:47 INFO  no build target found for D:\2nd year\Functional Programming\Functional-Programming-practicals\practicals-08\2.scala. Using presentation compiler with project's scala-library version: 3.3.3
2024.08.13 09:26:47 INFO  no build target found for D:\2nd year\Functional Programming\Functional-Programming-practicals\practicals-08\2.scala. Using presentation compiler with project's scala-library version: 3.3.3
2024.08.13 09:26:47 INFO  no build target found for D:\2nd year\Functional Programming\Functional-Programming-practicals\practicals-08\2.scala. Using presentation compiler with project's scala-library version: 3.3.3
2024.08.13 09:26:47 INFO  no build target found for D:\2nd year\Functional Programming\Functional-Programming-practicals\practicals-08\2.scala. Using presentation compiler with project's scala-library version: 3.3.3
2024.08.13 09:26:47 INFO  no build target found for D:\2nd year\Functional Programming\Functional-Programming-practicals\practicals-08\2.scala. Using presentation compiler with project's scala-library version: 3.3.3
2024.08.13 09:26:47 INFO  no build target found for D:\2nd year\Functional Programming\Functional-Programming-practicals\practicals-08\2.scala. Using presentation compiler with project's scala-library version: 3.3.3
2024.08.13 09:26:47 INFO  no build target found for D:\2nd year\Functional Programming\Functional-Programming-practicals\practicals-08\2.scala. Using presentation compiler with project's scala-library version: 3.3.3
2024.08.13 09:26:48 INFO  no build target found for D:\2nd year\Functional Programming\Functional-Programming-practicals\practicals-08\2.scala. Using presentation compiler with project's scala-library version: 3.3.3
2024.08.13 09:26:48 INFO  no build target found for D:\2nd year\Functional Programming\Functional-Programming-practicals\practicals-08\2.scala. Using presentation compiler with project's scala-library version: 3.3.3
2024.08.13 09:26:49 INFO  no build target found for D:\2nd year\Functional Programming\Functional-Programming-practicals\practicals-08\2.scala. Using presentation compiler with project's scala-library version: 3.3.3
2024.08.13 09:26:48 INFO  no build target found for D:\2nd year\Functional Programming\Functional-Programming-practicals\practicals-08\2.scala. Using presentation compiler with project's scala-library version: 3.3.3
2024.08.13 09:26:49 INFO  no build target found for D:\2nd year\Functional Programming\Functional-Programming-practicals\practicals-08\2.scala. Using presentation compiler with project's scala-library version: 3.3.3
2024.08.13 09:26:48 INFO  no build target found for D:\2nd year\Functional Programming\Functional-Programming-practicals\practicals-08\2.scala. Using presentation compiler with project's scala-library version: 3.3.3
2024.08.13 09:26:49 INFO  no build target found for D:\2nd year\Functional Programming\Functional-Programming-practicals\practicals-08\2.scala. Using presentation compiler with project's scala-library version: 3.3.3
2024.08.13 09:26:50 INFO  no build target found for D:\2nd year\Functional Programming\Functional-Programming-practicals\practicals-08\2.scala. Using presentation compiler with project's scala-library version: 3.3.3
2024.08.13 09:26:51 INFO  no build target found for D:\2nd year\Functional Programming\Functional-Programming-practicals\practicals-08\2.scala. Using presentation compiler with project's scala-library version: 3.3.3
2024.08.13 09:26:50 INFO  no build target found for D:\2nd year\Functional Programming\Functional-Programming-practicals\practicals-08\2.scala. Using presentation compiler with project's scala-library version: 3.3.3
2024.08.13 09:26:51 INFO  no build target found for D:\2nd year\Functional Programming\Functional-Programming-practicals\practicals-08\2.scala. Using presentation compiler with project's scala-library version: 3.3.3
2024.08.13 09:26:51 WARN  no build target for: D:\2nd year\Functional Programming\Functional-Programming-practicals\practicals-08\2.scala
2024.08.13 09:26:51 INFO  no build target found for D:\2nd year\Functional Programming\Functional-Programming-practicals\practicals-08\2.scala. Using presentation compiler with project's scala-library version: 3.3.3
2024.08.13 09:26:51 INFO  no build target found for D:\2nd year\Functional Programming\Functional-Programming-practicals\practicals-08\2.scala. Using presentation compiler with project's scala-library version: 3.3.3
2024.08.13 09:26:52 INFO  no build target found for D:\2nd year\Functional Programming\Functional-Programming-practicals\practicals-08\2.scala. Using presentation compiler with project's scala-library version: 3.3.3
2024.08.13 09:26:51 INFO  no build target found for D:\2nd year\Functional Programming\Functional-Programming-practicals\practicals-08\2.scala. Using presentation compiler with project's scala-library version: 3.3.3
2024.08.13 09:26:52 INFO  no build target found for D:\2nd year\Functional Programming\Functional-Programming-practicals\practicals-08\2.scala. Using presentation compiler with project's scala-library version: 3.3.3
2024.08.13 09:26:53 INFO  no build target found for D:\2nd year\Functional Programming\Functional-Programming-practicals\practicals-08\2.scala. Using presentation compiler with project's scala-library version: 3.3.3
2024.08.13 09:26:53 WARN  no build target for: D:\2nd year\Functional Programming\Functional-Programming-practicals\practicals-08\2.scala
2024.08.13 09:26:53 INFO  no build target found for D:\2nd year\Functional Programming\Functional-Programming-practicals\practicals-08\2.scala. Using presentation compiler with project's scala-library version: 3.3.3
2024.08.13 09:26:53 INFO  no build target found for D:\2nd year\Functional Programming\Functional-Programming-practicals\practicals-08\2.scala. Using presentation compiler with project's scala-library version: 3.3.3
2024.08.13 09:26:54 INFO  no build target found for D:\2nd year\Functional Programming\Functional-Programming-practicals\practicals-08\2.scala. Using presentation compiler with project's scala-library version: 3.3.3
2024.08.13 09:26:53 INFO  no build target found for D:\2nd year\Functional Programming\Functional-Programming-practicals\practicals-08\2.scala. Using presentation compiler with project's scala-library version: 3.3.3
2024.08.13 09:26:54 INFO  no build target found for D:\2nd year\Functional Programming\Functional-Programming-practicals\practicals-08\2.scala. Using presentation compiler with project's scala-library version: 3.3.3
2024.08.13 09:26:57 INFO  no build target found for D:\2nd year\Functional Programming\Functional-Programming-practicals\practicals-08\2.scala. Using presentation compiler with project's scala-library version: 3.3.3
2024.08.13 09:26:57 INFO  no build target found for D:\2nd year\Functional Programming\Functional-Programming-practicals\practicals-08\2.scala. Using presentation compiler with project's scala-library version: 3.3.3
2024.08.13 09:26:59 INFO  no build target found for D:\2nd year\Functional Programming\Functional-Programming-practicals\practicals-08\2.scala. Using presentation compiler with project's scala-library version: 3.3.3
2024.08.13 09:26:59 INFO  no build target found for D:\2nd year\Functional Programming\Functional-Programming-practicals\practicals-08\2.scala. Using presentation compiler with project's scala-library version: 3.3.3
2024.08.13 09:27:01 INFO  no build target found for D:\2nd year\Functional Programming\Functional-Programming-practicals\practicals-08\2.scala. Using presentation compiler with project's scala-library version: 3.3.3
2024.08.13 09:27:02 INFO  no build target found for D:\2nd year\Functional Programming\Functional-Programming-practicals\practicals-08\2.scala. Using presentation compiler with project's scala-library version: 3.3.3
2024.08.13 09:27:02 WARN  no build target for: D:\2nd year\Functional Programming\Functional-Programming-practicals\practicals-08\2.scala
2024.08.13 09:27:02 INFO  no build target found for D:\2nd year\Functional Programming\Functional-Programming-practicals\practicals-08\2.scala. Using presentation compiler with project's scala-library version: 3.3.3
2024.08.13 09:27:11 INFO  no build target found for D:\2nd year\Functional Programming\Functional-Programming-practicals\practicals-08\2.scala. Using presentation compiler with project's scala-library version: 3.3.3
2024.08.13 09:27:11 INFO  no build target found for D:\2nd year\Functional Programming\Functional-Programming-practicals\practicals-08\2.scala. Using presentation compiler with project's scala-library version: 3.3.3
2024.08.13 09:27:11 INFO  no build target found for D:\2nd year\Functional Programming\Functional-Programming-practicals\practicals-08\2.scala. Using presentation compiler with project's scala-library version: 3.3.3
2024.08.13 09:27:11 INFO  no build target found for D:\2nd year\Functional Programming\Functional-Programming-practicals\practicals-08\2.scala. Using presentation compiler with project's scala-library version: 3.3.3
2024.08.13 09:27:11 INFO  no build target found for D:\2nd year\Functional Programming\Functional-Programming-practicals\practicals-08\2.scala. Using presentation compiler with project's scala-library version: 3.3.3
2024.08.13 09:27:11 INFO  no build target found for D:\2nd year\Functional Programming\Functional-Programming-practicals\practicals-08\2.scala. Using presentation compiler with project's scala-library version: 3.3.3
Aug 13, 2024 9:27:12 AM org.eclipse.lsp4j.jsonrpc.RemoteEndpoint handleCancellation
WARNING: Unmatched cancel notification for request id 1016
2024.08.13 09:27:11 INFO  no build target found for D:\2nd year\Functional Programming\Functional-Programming-practicals\practicals-08\2.scala. Using presentation compiler with project's scala-library version: 3.3.3
2024.08.13 09:27:13 INFO  no build target found for D:\2nd year\Functional Programming\Functional-Programming-practicals\practicals-08\2.scala. Using presentation compiler with project's scala-library version: 3.3.3
2024.08.13 09:27:13 INFO  no build target found for D:\2nd year\Functional Programming\Functional-Programming-practicals\practicals-08\2.scala. Using presentation compiler with project's scala-library version: 3.3.3
2024.08.13 09:27:13 INFO  no build target found for D:\2nd year\Functional Programming\Functional-Programming-practicals\practicals-08\2.scala. Using presentation compiler with project's scala-library version: 3.3.3
2024.08.13 09:27:13 INFO  no build target found for D:\2nd year\Functional Programming\Functional-Programming-practicals\practicals-08\2.scala. Using presentation compiler with project's scala-library version: 3.3.3
2024.08.13 09:27:13 INFO  no build target found for D:\2nd year\Functional Programming\Functional-Programming-practicals\practicals-08\2.scala. Using presentation compiler with project's scala-library version: 3.3.3
2024.08.13 09:27:14 INFO  no build target found for D:\2nd year\Functional Programming\Functional-Programming-practicals\practicals-08\2.scala. Using presentation compiler with project's scala-library version: 3.3.3
2024.08.13 09:27:15 WARN  no build target for: D:\2nd year\Functional Programming\Functional-Programming-practicals\practicals-08\2.scala
2024.08.13 09:27:15 INFO  no build target found for D:\2nd year\Functional Programming\Functional-Programming-practicals\practicals-08\2.scala. Using presentation compiler with project's scala-library version: 3.3.3
2024.08.13 09:27:15 INFO  no build target found for D:\2nd year\Functional Programming\Functional-Programming-practicals\practicals-08\2.scala. Using presentation compiler with project's scala-library version: 3.3.3
2024.08.13 09:28:00 INFO  no build target found for D:\2nd year\Functional Programming\Functional-Programming-practicals\practicals-08\2.scala. Using presentation compiler with project's scala-library version: 3.3.3
2024.08.13 09:28:02 INFO  no build target found for D:\2nd year\Functional Programming\Functional-Programming-practicals\practicals-08\2.scala. Using presentation compiler with project's scala-library version: 3.3.3
2024.08.13 09:28:02 INFO  no build target found for D:\2nd year\Functional Programming\Functional-Programming-practicals\practicals-08\2.scala. Using presentation compiler with project's scala-library version: 3.3.3
2024.08.13 09:28:04 INFO  no build target found for D:\2nd year\Functional Programming\Functional-Programming-practicals\practicals-08\2.scala. Using presentation compiler with project's scala-library version: 3.3.3
2024.08.13 09:28:04 INFO  no build target found for D:\2nd year\Functional Programming\Functional-Programming-practicals\practicals-08\2.scala. Using presentation compiler with project's scala-library version: 3.3.3
2024.08.13 09:28:06 INFO  no build target found for D:\2nd year\Functional Programming\Functional-Programming-practicals\practicals-08\2.scala. Using presentation compiler with project's scala-library version: 3.3.3
2024.08.13 09:28:06 INFO  no build target found for D:\2nd year\Functional Programming\Functional-Programming-practicals\practicals-08\2.scala. Using presentation compiler with project's scala-library version: 3.3.3
2024.08.13 09:29:55 INFO  no build target found for D:\2nd year\Functional Programming\Functional-Programming-practicals\practicals-08\2.scala. Using presentation compiler with project's scala-library version: 3.3.3
2024.08.13 09:29:58 INFO  no build target found for D:\2nd year\Functional Programming\Functional-Programming-practicals\practicals-08\2.scala. Using presentation compiler with project's scala-library version: 3.3.3
2024.08.13 09:30:00 INFO  no build target found for D:\2nd year\Functional Programming\Functional-Programming-practicals\practicals-08\2.scala. Using presentation compiler with project's scala-library version: 3.3.3
2024.08.13 09:30:00 INFO  no build target found for D:\2nd year\Functional Programming\Functional-Programming-practicals\practicals-08\2.scala. Using presentation compiler with project's scala-library version: 3.3.3
2024.08.13 09:30:00 INFO  no build target found for D:\2nd year\Functional Programming\Functional-Programming-practicals\practicals-08\2.scala. Using presentation compiler with project's scala-library version: 3.3.3
2024.08.13 09:30:00 INFO  no build target found for D:\2nd year\Functional Programming\Functional-Programming-practicals\practicals-08\2.scala. Using presentation compiler with project's scala-library version: 3.3.3
2024.08.13 09:30:00 INFO  no build target found for D:\2nd year\Functional Programming\Functional-Programming-practicals\practicals-08\2.scala. Using presentation compiler with project's scala-library version: 3.3.3
2024.08.13 09:30:01 INFO  no build target found for D:\2nd year\Functional Programming\Functional-Programming-practicals\practicals-08\2.scala. Using presentation compiler with project's scala-library version: 3.3.3
2024.08.13 09:30:01 INFO  no build target found for D:\2nd year\Functional Programming\Functional-Programming-practicals\practicals-08\2.scala. Using presentation compiler with project's scala-library version: 3.3.3
2024.08.13 09:30:02 INFO  no build target found for D:\2nd year\Functional Programming\Functional-Programming-practicals\practicals-08\2.scala. Using presentation compiler with project's scala-library version: 3.3.3
2024.08.13 09:30:03 INFO  no build target found for D:\2nd year\Functional Programming\Functional-Programming-practicals\practicals-08\2.scala. Using presentation compiler with project's scala-library version: 3.3.3
2024.08.13 09:30:03 INFO  no build target found for D:\2nd year\Functional Programming\Functional-Programming-practicals\practicals-08\2.scala. Using presentation compiler with project's scala-library version: 3.3.3
2024.08.13 09:30:04 INFO  no build target found for D:\2nd year\Functional Programming\Functional-Programming-practicals\practicals-08\2.scala. Using presentation compiler with project's scala-library version: 3.3.3
2024.08.13 09:30:03 INFO  no build target found for D:\2nd year\Functional Programming\Functional-Programming-practicals\practicals-08\2.scala. Using presentation compiler with project's scala-library version: 3.3.3
2024.08.13 09:30:04 WARN  no build target for: D:\2nd year\Functional Programming\Functional-Programming-practicals\practicals-08\2.scala
2024.08.13 09:30:04 INFO  no build target found for D:\2nd year\Functional Programming\Functional-Programming-practicals\practicals-08\2.scala. Using presentation compiler with project's scala-library version: 3.3.3
2024.08.13 09:30:04 INFO  no build target found for D:\2nd year\Functional Programming\Functional-Programming-practicals\practicals-08\2.scala. Using presentation compiler with project's scala-library version: 3.3.3
2024.08.13 09:30:06 INFO  no build target found for D:\2nd year\Functional Programming\Functional-Programming-practicals\practicals-08\2.scala. Using presentation compiler with project's scala-library version: 3.3.3
2024.08.13 09:30:06 INFO  no build target found for D:\2nd year\Functional Programming\Functional-Programming-practicals\practicals-08\2.scala. Using presentation compiler with project's scala-library version: 3.3.3
2024.08.13 09:30:06 INFO  no build target found for D:\2nd year\Functional Programming\Functional-Programming-practicals\practicals-08\2.scala. Using presentation compiler with project's scala-library version: 3.3.3
2024.08.13 09:30:07 INFO  no build target found for D:\2nd year\Functional Programming\Functional-Programming-practicals\practicals-08\2.scala. Using presentation compiler with project's scala-library version: 3.3.3
2024.08.13 09:30:07 INFO  no build target found for D:\2nd year\Functional Programming\Functional-Programming-practicals\practicals-08\2.scala. Using presentation compiler with project's scala-library version: 3.3.3
2024.08.13 09:30:07 INFO  no build target found for D:\2nd year\Functional Programming\Functional-Programming-practicals\practicals-08\2.scala. Using presentation compiler with project's scala-library version: 3.3.3
2024.08.13 09:30:09 INFO  no build target found for D:\2nd year\Functional Programming\Functional-Programming-practicals\practicals-08\2.scala. Using presentation compiler with project's scala-library version: 3.3.3
2024.08.13 09:30:11 INFO  no build target found for D:\2nd year\Functional Programming\Functional-Programming-practicals\practicals-08\2.scala. Using presentation compiler with project's scala-library version: 3.3.3
2024.08.13 09:30:11 INFO  no build target found for D:\2nd year\Functional Programming\Functional-Programming-practicals\practicals-08\2.scala. Using presentation compiler with project's scala-library version: 3.3.3
2024.08.13 09:30:11 INFO  no build target found for D:\2nd year\Functional Programming\Functional-Programming-practicals\practicals-08\2.scala. Using presentation compiler with project's scala-library version: 3.3.3
2024.08.13 09:30:12 WARN  no build target for: D:\2nd year\Functional Programming\Functional-Programming-practicals\practicals-08\2.scala
2024.08.13 09:30:12 INFO  no build target found for D:\2nd year\Functional Programming\Functional-Programming-practicals\practicals-08\2.scala. Using presentation compiler with project's scala-library version: 3.3.3
2024.08.13 09:30:12 INFO  no build target found for D:\2nd year\Functional Programming\Functional-Programming-practicals\practicals-08\2.scala. Using presentation compiler with project's scala-library version: 3.3.3
2024.08.13 09:30:26 INFO  no build target found for D:\2nd year\Functional Programming\Functional-Programming-practicals\practicals-08\1_a.scala. Using presentation compiler with project's scala-library version: 3.3.3
2024.08.13 09:30:28 INFO  no build target found for D:\2nd year\Functional Programming\Functional-Programming-practicals\practicals-08\1_a.scala. Using presentation compiler with project's scala-library version: 3.3.3
2024.08.13 09:30:28 INFO  no build target found for D:\2nd year\Functional Programming\Functional-Programming-practicals\practicals-08\1_a.scala. Using presentation compiler with project's scala-library version: 3.3.3
2024.08.13 09:30:29 INFO  no build target found for D:\2nd year\Functional Programming\Functional-Programming-practicals\practicals-08\1_a.scala. Using presentation compiler with project's scala-library version: 3.3.3
2024.08.13 09:32:25 INFO  no build target found for D:\2nd year\Functional Programming\Functional-Programming-practicals\practicals-08\1_a.scala. Using presentation compiler with project's scala-library version: 3.3.3
2024.08.13 09:32:27 INFO  no build target found for D:\2nd year\Functional Programming\Functional-Programming-practicals\practicals-08\1_a.scala. Using presentation compiler with project's scala-library version: 3.3.3
Aug 13, 2024 9:32:27 AM org.eclipse.lsp4j.jsonrpc.RemoteEndpoint handleCancellation
WARNING: Unmatched cancel notification for request id 1122
2024.08.13 09:32:27 INFO  no build target found for D:\2nd year\Functional Programming\Functional-Programming-practicals\practicals-08\2.scala. Using presentation compiler with project's scala-library version: 3.3.3
2024.08.13 09:32:34 INFO  no build target found for D:\2nd year\Functional Programming\Functional-Programming-practicals\practicals-08\2.scala. Using presentation compiler with project's scala-library version: 3.3.3
2024.08.13 09:32:34 INFO  no build target found for D:\2nd year\Functional Programming\Functional-Programming-practicals\practicals-08\2.scala. Using presentation compiler with project's scala-library version: 3.3.3
2024.08.13 09:32:55 INFO  no build target found for D:\2nd year\Functional Programming\Functional-Programming-practicals\practicals-08\2.scala. Using presentation compiler with project's scala-library version: 3.3.3
2024.08.13 09:32:58 INFO  no build target found for D:\2nd year\Functional Programming\Functional-Programming-practicals\practicals-08\2.scala. Using presentation compiler with project's scala-library version: 3.3.3
2024.08.13 09:32:58 INFO  no build target found for D:\2nd year\Functional Programming\Functional-Programming-practicals\practicals-08\2.scala. Using presentation compiler with project's scala-library version: 3.3.3
2024.08.13 09:33:50 INFO  no build target found for D:\2nd year\Functional Programming\Functional-Programming-practicals\practicals-08\2.scala. Using presentation compiler with project's scala-library version: 3.3.3
2024.08.13 09:34:03 INFO  no build target found for D:\2nd year\Functional Programming\Functional-Programming-practicals\practicals-08\2.scala. Using presentation compiler with project's scala-library version: 3.3.3
2024.08.13 09:34:03 INFO  no build target found for D:\2nd year\Functional Programming\Functional-Programming-practicals\practicals-08\2.scala. Using presentation compiler with project's scala-library version: 3.3.3
2024.08.13 09:34:03 INFO  no build target found for D:\2nd year\Functional Programming\Functional-Programming-practicals\practicals-08\2.scala. Using presentation compiler with project's scala-library version: 3.3.3
2024.08.13 09:34:04 INFO  no build target found for D:\2nd year\Functional Programming\Functional-Programming-practicals\practicals-08\2.scala. Using presentation compiler with project's scala-library version: 3.3.3
2024.08.13 09:34:04 INFO  no build target found for D:\2nd year\Functional Programming\Functional-Programming-practicals\practicals-08\2.scala. Using presentation compiler with project's scala-library version: 3.3.3
2024.08.13 09:34:05 WARN  no build target for: D:\2nd year\Functional Programming\Functional-Programming-practicals\practicals-08\2.scala
2024.08.13 09:34:05 INFO  no build target found for D:\2nd year\Functional Programming\Functional-Programming-practicals\practicals-08\2.scala. Using presentation compiler with project's scala-library version: 3.3.3
2024.08.13 09:34:05 INFO  no build target found for D:\2nd year\Functional Programming\Functional-Programming-practicals\practicals-08\2.scala. Using presentation compiler with project's scala-library version: 3.3.3
2024.08.13 09:36:28 INFO  no build target found for D:\2nd year\Functional Programming\Functional-Programming-practicals\practicals-08\2.scala. Using presentation compiler with project's scala-library version: 3.3.3
2024.08.13 09:36:28 INFO  no build target found for D:\2nd year\Functional Programming\Functional-Programming-practicals\practicals-08\2.scala. Using presentation compiler with project's scala-library version: 3.3.3
2024.08.13 09:36:30 INFO  no build target found for D:\2nd year\Functional Programming\Functional-Programming-practicals\practicals-08\1_a.scala. Using presentation compiler with project's scala-library version: 3.3.3
2024.08.13 09:36:31 INFO  no build target found for D:\2nd year\Functional Programming\Functional-Programming-practicals\practicals-08\1_a.scala. Using presentation compiler with project's scala-library version: 3.3.3
2024.08.13 09:37:06 INFO  no build target found for D:\2nd year\Functional Programming\Functional-Programming-practicals\practicals-08\1_a.scala. Using presentation compiler with project's scala-library version: 3.3.3
2024.08.13 09:37:06 INFO  no build target found for D:\2nd year\Functional Programming\Functional-Programming-practicals\practicals-08\1_a.scala. Using presentation compiler with project's scala-library version: 3.3.3
2024.08.13 09:37:07 INFO  no build target found for D:\2nd year\Functional Programming\Functional-Programming-practicals\practicals-08\1_a.scala. Using presentation compiler with project's scala-library version: 3.3.3
2024.08.13 09:37:21 INFO  no build target found for D:\2nd year\Functional Programming\Functional-Programming-practicals\practicals-08\1_a.scala. Using presentation compiler with project's scala-library version: 3.3.3
2024.08.13 09:37:21 INFO  no build target found for D:\2nd year\Functional Programming\Functional-Programming-practicals\practicals-08\1_a.scala. Using presentation compiler with project's scala-library version: 3.3.3
2024.08.13 09:37:22 INFO  no build target found for D:\2nd year\Functional Programming\Functional-Programming-practicals\practicals-08\1_a.scala. Using presentation compiler with project's scala-library version: 3.3.3
2024.08.13 09:37:26 INFO  no build target found for D:\2nd year\Functional Programming\Functional-Programming-practicals\practicals-08\1_a.scala. Using presentation compiler with project's scala-library version: 3.3.3
2024.08.13 09:37:28 INFO  no build target found for D:\2nd year\Functional Programming\Functional-Programming-practicals\practicals-08\1_a.scala. Using presentation compiler with project's scala-library version: 3.3.3
2024.08.13 09:37:28 INFO  no build target found for D:\2nd year\Functional Programming\Functional-Programming-practicals\practicals-08\1_a.scala. Using presentation compiler with project's scala-library version: 3.3.3
2024.08.13 09:37:28 INFO  no build target found for D:\2nd year\Functional Programming\Functional-Programming-practicals\practicals-08\1_a.scala. Using presentation compiler with project's scala-library version: 3.3.3
2024.08.13 09:37:30 INFO  no build target found for D:\2nd year\Functional Programming\Functional-Programming-practicals\practicals-08\1_a.scala. Using presentation compiler with project's scala-library version: 3.3.3
2024.08.13 09:37:32 INFO  no build target found for D:\2nd year\Functional Programming\Functional-Programming-practicals\practicals-08\1_a.scala. Using presentation compiler with project's scala-library version: 3.3.3
2024.08.13 09:37:36 INFO  no build target found for D:\2nd year\Functional Programming\Functional-Programming-practicals\practicals-08\1_a.scala. Using presentation compiler with project's scala-library version: 3.3.3
2024.08.13 09:37:36 INFO  no build target found for D:\2nd year\Functional Programming\Functional-Programming-practicals\practicals-08\1_a.scala. Using presentation compiler with project's scala-library version: 3.3.3
2024.08.13 09:37:38 INFO  no build target found for D:\2nd year\Functional Programming\Functional-Programming-practicals\practicals-08\1_a.scala. Using presentation compiler with project's scala-library version: 3.3.3
2024.08.13 09:37:38 INFO  no build target found for D:\2nd year\Functional Programming\Functional-Programming-practicals\practicals-08\1_a.scala. Using presentation compiler with project's scala-library version: 3.3.3
2024.08.13 09:37:39 INFO  no build target found for D:\2nd year\Functional Programming\Functional-Programming-practicals\practicals-08\1_a.scala. Using presentation compiler with project's scala-library version: 3.3.3
2024.08.13 09:37:42 INFO  no build target found for D:\2nd year\Functional Programming\Functional-Programming-practicals\practicals-08\1_a.scala. Using presentation compiler with project's scala-library version: 3.3.3
2024.08.13 09:37:43 INFO  no build target found for D:\2nd year\Functional Programming\Functional-Programming-practicals\practicals-08\1_a.scala. Using presentation compiler with project's scala-library version: 3.3.3
2024.08.13 09:37:43 INFO  no build target found for D:\2nd year\Functional Programming\Functional-Programming-practicals\practicals-08\1_a.scala. Using presentation compiler with project's scala-library version: 3.3.3
2024.08.13 09:37:52 INFO  no build target found for D:\2nd year\Functional Programming\Functional-Programming-practicals\practicals-08\1_a.scala. Using presentation compiler with project's scala-library version: 3.3.3
2024.08.13 09:38:22 INFO  no build target found for D:\2nd year\Functional Programming\Functional-Programming-practicals\practicals-08\1_a.scala. Using presentation compiler with project's scala-library version: 3.3.3
2024.08.13 09:38:22 INFO  no build target found for D:\2nd year\Functional Programming\Functional-Programming-practicals\practicals-08\1_a.scala. Using presentation compiler with project's scala-library version: 3.3.3
2024.08.13 09:38:24 INFO  no build target found for D:\2nd year\Functional Programming\Functional-Programming-practicals\practicals-08\1_a.scala. Using presentation compiler with project's scala-library version: 3.3.3
2024.08.13 09:38:35 INFO  no build target found for D:\2nd year\Functional Programming\Functional-Programming-practicals\practicals-08\1_a.scala. Using presentation compiler with project's scala-library version: 3.3.3
2024.08.13 09:38:37 INFO  no build target found for D:\2nd year\Functional Programming\Functional-Programming-practicals\practicals-08\1_a.scala. Using presentation compiler with project's scala-library version: 3.3.3
2024.08.13 09:38:40 INFO  no build target found for D:\2nd year\Functional Programming\Functional-Programming-practicals\practicals-08\2.scala. Using presentation compiler with project's scala-library version: 3.3.3
2024.08.13 09:38:40 INFO  no build target found for D:\2nd year\Functional Programming\Functional-Programming-practicals\practicals-08\2.scala. Using presentation compiler with project's scala-library version: 3.3.3
2024.08.13 09:41:06 INFO  no build target found for D:\2nd year\Functional Programming\Functional-Programming-practicals\practicals-08\2.scala. Using presentation compiler with project's scala-library version: 3.3.3
2024.08.13 09:41:06 INFO  no build target found for D:\2nd year\Functional Programming\Functional-Programming-practicals\practicals-08\2.scala. Using presentation compiler with project's scala-library version: 3.3.3
2024.08.13 09:41:06 INFO  no build target found for D:\2nd year\Functional Programming\Functional-Programming-practicals\practicals-08\2.scala. Using presentation compiler with project's scala-library version: 3.3.3
2024.08.13 09:41:10 INFO  no build target found for D:\2nd year\Functional Programming\Functional-Programming-practicals\practicals-08\2.scala. Using presentation compiler with project's scala-library version: 3.3.3
2024.08.13 09:43:04 INFO  no build target found for D:\2nd year\Functional Programming\Functional-Programming-practicals\practicals-08\2.scala. Using presentation compiler with project's scala-library version: 3.3.3
2024.08.13 09:43:04 INFO  no build target found for D:\2nd year\Functional Programming\Functional-Programming-practicals\practicals-08\test.scala. Using presentation compiler with project's scala-library version: 3.3.3
2024.08.13 09:43:13 INFO  no build target found for D:\2nd year\Functional Programming\Functional-Programming-practicals\practicals-08\test2.scala. Using presentation compiler with project's scala-library version: 3.3.3
2024.08.13 09:43:13 WARN  Could not find semantic tokens for: file:///D:/2nd%20year/Functional%20Programming/Functional-Programming-practicals/practicals-08/test2.scala
2024.08.13 09:43:14 INFO  no build target found for D:\2nd year\Functional Programming\Functional-Programming-practicals\practicals-08\test2.scala. Using presentation compiler with project's scala-library version: 3.3.3
2024.08.13 09:43:14 INFO  no build target found for D:\2nd year\Functional Programming\Functional-Programming-practicals\practicals-08\test2.scala. Using presentation compiler with project's scala-library version: 3.3.3
2024.08.13 09:43:16 WARN  no build target for: D:\2nd year\Functional Programming\Functional-Programming-practicals\practicals-08\test2.scala
2024.08.13 09:43:16 INFO  no build target found for D:\2nd year\Functional Programming\Functional-Programming-practicals\practicals-08\test2.scala. Using presentation compiler with project's scala-library version: 3.3.3
2024.08.13 09:43:16 INFO  no build target found for D:\2nd year\Functional Programming\Functional-Programming-practicals\practicals-08\test2.scala. Using presentation compiler with project's scala-library version: 3.3.3
2024.08.13 09:45:22 INFO  no build target found for D:\2nd year\Functional Programming\Functional-Programming-practicals\practicals-08\test2.scala. Using presentation compiler with project's scala-library version: 3.3.3
2024.08.13 09:45:23 INFO  no build target found for D:\2nd year\Functional Programming\Functional-Programming-practicals\practicals-08\test2.scala. Using presentation compiler with project's scala-library version: 3.3.3
2024.08.13 09:45:23 INFO  no build target found for D:\2nd year\Functional Programming\Functional-Programming-practicals\practicals-08\test2.scala. Using presentation compiler with project's scala-library version: 3.3.3
2024.08.13 09:45:27 INFO  no build target found for D:\2nd year\Functional Programming\Functional-Programming-practicals\practicals-08\test2.scala. Using presentation compiler with project's scala-library version: 3.3.3
2024.08.13 09:45:27 INFO  no build target found for D:\2nd year\Functional Programming\Functional-Programming-practicals\practicals-08\test2.scala. Using presentation compiler with project's scala-library version: 3.3.3
2024.08.13 09:45:27 INFO  no build target found for D:\2nd year\Functional Programming\Functional-Programming-practicals\practicals-08\test2.scala. Using presentation compiler with project's scala-library version: 3.3.3
2024.08.13 09:45:28 INFO  no build target found for D:\2nd year\Functional Programming\Functional-Programming-practicals\practicals-08\test2.scala. Using presentation compiler with project's scala-library version: 3.3.3
2024.08.13 09:45:28 INFO  no build target found for D:\2nd year\Functional Programming\Functional-Programming-practicals\practicals-08\test2.scala. Using presentation compiler with project's scala-library version: 3.3.3
2024.08.13 09:45:29 INFO  no build target found for D:\2nd year\Functional Programming\Functional-Programming-practicals\practicals-08\test2.scala. Using presentation compiler with project's scala-library version: 3.3.3
2024.08.13 09:45:29 INFO  no build target found for D:\2nd year\Functional Programming\Functional-Programming-practicals\practicals-08\test2.scala. Using presentation compiler with project's scala-library version: 3.3.3
2024.08.13 09:46:28 INFO  no build target found for D:\2nd year\Functional Programming\Functional-Programming-practicals\practicals-08\test2.scala. Using presentation compiler with project's scala-library version: 3.3.3
2024.08.13 09:46:29 INFO  no build target found for D:\2nd year\Functional Programming\Functional-Programming-practicals\practicals-08\test2.scala. Using presentation compiler with project's scala-library version: 3.3.3
2024.08.13 09:46:29 INFO  no build target found for D:\2nd year\Functional Programming\Functional-Programming-practicals\practicals-08\test2.scala. Using presentation compiler with project's scala-library version: 3.3.3
2024.08.13 09:46:33 INFO  no build target found for D:\2nd year\Functional Programming\Functional-Programming-practicals\practicals-08\test2.scala. Using presentation compiler with project's scala-library version: 3.3.3
2024.08.13 09:46:33 INFO  no build target found for D:\2nd year\Functional Programming\Functional-Programming-practicals\practicals-08\test2.scala. Using presentation compiler with project's scala-library version: 3.3.3
2024.08.13 09:46:33 INFO  no build target found for D:\2nd year\Functional Programming\Functional-Programming-practicals\practicals-08\test2.scala. Using presentation compiler with project's scala-library version: 3.3.3
2024.08.13 09:46:33 INFO  no build target found for D:\2nd year\Functional Programming\Functional-Programming-practicals\practicals-08\test2.scala. Using presentation compiler with project's scala-library version: 3.3.3
2024.08.13 09:46:34 INFO  no build target found for D:\2nd year\Functional Programming\Functional-Programming-practicals\practicals-08\test2.scala. Using presentation compiler with project's scala-library version: 3.3.3
2024.08.13 09:46:34 INFO  no build target found for D:\2nd year\Functional Programming\Functional-Programming-practicals\practicals-08\test2.scala. Using presentation compiler with project's scala-library version: 3.3.3
2024.08.13 09:46:34 INFO  no build target found for D:\2nd year\Functional Programming\Functional-Programming-practicals\practicals-08\test2.scala. Using presentation compiler with project's scala-library version: 3.3.3
2024.08.13 09:46:35 INFO  no build target found for D:\2nd year\Functional Programming\Functional-Programming-practicals\practicals-08\test2.scala. Using presentation compiler with project's scala-library version: 3.3.3
2024.08.13 09:46:35 INFO  no build target found for D:\2nd year\Functional Programming\Functional-Programming-practicals\practicals-08\test2.scala. Using presentation compiler with project's scala-library version: 3.3.3
2024.08.13 09:46:35 INFO  no build target found for D:\2nd year\Functional Programming\Functional-Programming-practicals\practicals-08\test2.scala. Using presentation compiler with project's scala-library version: 3.3.3
2024.08.13 09:46:44 INFO  no build target found for D:\2nd year\Functional Programming\Functional-Programming-practicals\practicals-08\test2.scala. Using presentation compiler with project's scala-library version: 3.3.3
2024.08.13 09:46:44 INFO  no build target found for D:\2nd year\Functional Programming\Functional-Programming-practicals\practicals-08\test2.scala. Using presentation compiler with project's scala-library version: 3.3.3
2024.08.13 09:46:44 INFO  no build target found for D:\2nd year\Functional Programming\Functional-Programming-practicals\practicals-08\test2.scala. Using presentation compiler with project's scala-library version: 3.3.3
2024.08.13 09:46:44 INFO  no build target found for D:\2nd year\Functional Programming\Functional-Programming-practicals\practicals-08\test2.scala. Using presentation compiler with project's scala-library version: 3.3.3
2024.08.13 09:46:44 INFO  no build target found for D:\2nd year\Functional Programming\Functional-Programming-practicals\practicals-08\test2.scala. Using presentation compiler with project's scala-library version: 3.3.3
2024.08.13 09:46:44 INFO  no build target found for D:\2nd year\Functional Programming\Functional-Programming-practicals\practicals-08\test2.scala. Using presentation compiler with project's scala-library version: 3.3.3
2024.08.13 09:46:44 INFO  no build target found for D:\2nd year\Functional Programming\Functional-Programming-practicals\practicals-08\test2.scala. Using presentation compiler with project's scala-library version: 3.3.3
2024.08.13 09:46:44 INFO  no build target found for D:\2nd year\Functional Programming\Functional-Programming-practicals\practicals-08\test2.scala. Using presentation compiler with project's scala-library version: 3.3.3
2024.08.13 09:46:45 INFO  no build target found for D:\2nd year\Functional Programming\Functional-Programming-practicals\practicals-08\test2.scala. Using presentation compiler with project's scala-library version: 3.3.3
2024.08.13 09:46:44 INFO  no build target found for D:\2nd year\Functional Programming\Functional-Programming-practicals\practicals-08\test2.scala. Using presentation compiler with project's scala-library version: 3.3.3
2024.08.13 09:46:44 INFO  no build target found for D:\2nd year\Functional Programming\Functional-Programming-practicals\practicals-08\test2.scala. Using presentation compiler with project's scala-library version: 3.3.3
2024.08.13 09:46:45 INFO  no build target found for D:\2nd year\Functional Programming\Functional-Programming-practicals\practicals-08\test2.scala. Using presentation compiler with project's scala-library version: 3.3.3
2024.08.13 09:46:45 INFO  no build target found for D:\2nd year\Functional Programming\Functional-Programming-practicals\practicals-08\test2.scala. Using presentation compiler with project's scala-library version: 3.3.3
2024.08.13 09:46:45 INFO  no build target found for D:\2nd year\Functional Programming\Functional-Programming-practicals\practicals-08\test2.scala. Using presentation compiler with project's scala-library version: 3.3.3
2024.08.13 09:46:45 INFO  no build target found for D:\2nd year\Functional Programming\Functional-Programming-practicals\practicals-08\test2.scala. Using presentation compiler with project's scala-library version: 3.3.3
2024.08.13 09:46:46 INFO  no build target found for D:\2nd year\Functional Programming\Functional-Programming-practicals\practicals-08\test2.scala. Using presentation compiler with project's scala-library version: 3.3.3
2024.08.13 09:46:46 INFO  no build target found for D:\2nd year\Functional Programming\Functional-Programming-practicals\practicals-08\test2.scala. Using presentation compiler with project's scala-library version: 3.3.3
2024.08.13 09:46:46 INFO  no build target found for D:\2nd year\Functional Programming\Functional-Programming-practicals\practicals-08\test2.scala. Using presentation compiler with project's scala-library version: 3.3.3
2024.08.13 09:46:46 INFO  no build target found for D:\2nd year\Functional Programming\Functional-Programming-practicals\practicals-08\test2.scala. Using presentation compiler with project's scala-library version: 3.3.3
2024.08.13 09:46:47 WARN  no build target for: D:\2nd year\Functional Programming\Functional-Programming-practicals\practicals-08\test2.scala
2024.08.13 09:46:47 INFO  no build target found for D:\2nd year\Functional Programming\Functional-Programming-practicals\practicals-08\test2.scala. Using presentation compiler with project's scala-library version: 3.3.3
2024.08.13 09:46:47 INFO  no build target found for D:\2nd year\Functional Programming\Functional-Programming-practicals\practicals-08\test2.scala. Using presentation compiler with project's scala-library version: 3.3.3
2024.08.13 09:46:50 INFO  no build target found for D:\2nd year\Functional Programming\Functional-Programming-practicals\practicals-08\test2.scala. Using presentation compiler with project's scala-library version: 3.3.3
2024.08.13 09:46:50 INFO  no build target found for D:\2nd year\Functional Programming\Functional-Programming-practicals\practicals-08\test2.scala. Using presentation compiler with project's scala-library version: 3.3.3
2024.08.13 09:46:50 INFO  no build target found for D:\2nd year\Functional Programming\Functional-Programming-practicals\practicals-08\test2.scala. Using presentation compiler with project's scala-library version: 3.3.3
2024.08.13 09:46:52 INFO  no build target found for D:\2nd year\Functional Programming\Functional-Programming-practicals\practicals-08\test2.scala. Using presentation compiler with project's scala-library version: 3.3.3
2024.08.13 09:46:52 INFO  no build target found for D:\2nd year\Functional Programming\Functional-Programming-practicals\practicals-08\test2.scala. Using presentation compiler with project's scala-library version: 3.3.3
2024.08.13 09:46:52 INFO  no build target found for D:\2nd year\Functional Programming\Functional-Programming-practicals\practicals-08\test2.scala. Using presentation compiler with project's scala-library version: 3.3.3
2024.08.13 09:46:53 INFO  no build target found for D:\2nd year\Functional Programming\Functional-Programming-practicals\practicals-08\test2.scala. Using presentation compiler with project's scala-library version: 3.3.3
2024.08.13 09:46:54 WARN  no build target for: D:\2nd year\Functional Programming\Functional-Programming-practicals\practicals-08\test2.scala
2024.08.13 09:46:54 INFO  no build target found for D:\2nd year\Functional Programming\Functional-Programming-practicals\practicals-08\test2.scala. Using presentation compiler with project's scala-library version: 3.3.3
2024.08.13 09:46:54 INFO  no build target found for D:\2nd year\Functional Programming\Functional-Programming-practicals\practicals-08\test2.scala. Using presentation compiler with project's scala-library version: 3.3.3
2024.08.13 10:07:18 INFO  no build target found for d:\2nd year\Functional Programming\Functional-Programming-practicals\practicals-08\test2.scala. Using presentation compiler with project's scala-library version: 3.3.3
2024.08.13 10:07:25 INFO  no build target found for d:\2nd year\Functional Programming\Functional-Programming-practicals\practicals-08\test2.scala. Using presentation compiler with project's scala-library version: 3.3.3
2024.08.13 10:07:29 INFO  no build target found for d:\2nd year\Functional Programming\Functional-Programming-practicals\practicals-08\test2.scala. Using presentation compiler with project's scala-library version: 3.3.3
Aug 13, 2024 10:07:29 AM org.eclipse.lsp4j.jsonrpc.RemoteEndpoint handleCancellation
WARNING: Unmatched cancel notification for request id 1383
2024.08.13 10:07:29 INFO  no build target found for d:\2nd year\Functional Programming\Functional-Programming-practicals\practicals-08\test2.scala. Using presentation compiler with project's scala-library version: 3.3.3
2024.08.13 10:07:30 INFO  no build target found for d:\2nd year\Functional Programming\Functional-Programming-practicals\practicals-08\test2.scala. Using presentation compiler with project's scala-library version: 3.3.3
2024.08.13 10:07:30 INFO  no build target found for d:\2nd year\Functional Programming\Functional-Programming-practicals\practicals-08\test2.scala. Using presentation compiler with project's scala-library version: 3.3.3
2024.08.13 10:07:31 INFO  no build target found for d:\2nd year\Functional Programming\Functional-Programming-practicals\practicals-08\test2.scala. Using presentation compiler with project's scala-library version: 3.3.3
2024.08.13 10:07:34 INFO  no build target found for d:\2nd year\Functional Programming\Functional-Programming-practicals\practicals-08\test2.scala. Using presentation compiler with project's scala-library version: 3.3.3
2024.08.13 10:07:34 INFO  no build target found for d:\2nd year\Functional Programming\Functional-Programming-practicals\practicals-08\test2.scala. Using presentation compiler with project's scala-library version: 3.3.3
2024.08.13 10:07:41 INFO  no build target found for d:\2nd year\Functional Programming\Functional-Programming-practicals\practicals-08\test2.scala. Using presentation compiler with project's scala-library version: 3.3.3
2024.08.13 10:07:41 INFO  no build target found for d:\2nd year\Functional Programming\Functional-Programming-practicals\practicals-08\test2.scala. Using presentation compiler with project's scala-library version: 3.3.3
2024.08.13 10:07:49 WARN  no build target for: D:\2nd year\Functional Programming\Functional-Programming-practicals\practicals-08\test2.scala
2024.08.13 10:07:49 INFO  no build target found for D:\2nd year\Functional Programming\Functional-Programming-practicals\practicals-08\test2.scala. Using presentation compiler with project's scala-library version: 3.3.3
2024.08.13 10:07:49 INFO  no build target found for D:\2nd year\Functional Programming\Functional-Programming-practicals\practicals-08\test2.scala. Using presentation compiler with project's scala-library version: 3.3.3
2024.08.13 10:07:49 INFO  no build target found for D:\2nd year\Functional Programming\Functional-Programming-practicals\practicals-08\test.scala. Using presentation compiler with project's scala-library version: 3.3.3
2024.08.13 10:07:51 INFO  Shutting down server
2024.08.13 10:07:51 INFO  shutting down Metals
2024.08.13 10:07:51 INFO  Exiting server
2024.08.13 13:56:42 INFO  Started: Metals version 1.3.5 in folders 'D:\2nd year\Functional Programming\Functional-Programming-practicals\practicals-08' for client Visual Studio Code 1.92.1.
SLF4J(W): Class path contains multiple SLF4J providers.
SLF4J(W): Found provider [scribe.slf4j.ScribeServiceProvider@57621b3b]
SLF4J(W): Found provider [ch.qos.logback.classic.spi.LogbackServiceProvider@77e6393a]
SLF4J(W): See https://www.slf4j.org/codes.html#multiple_bindings for an explanation.
SLF4J(I): Actual provider is of type [scribe.slf4j.ScribeServiceProvider@57621b3b]
2024.08.13 13:56:44 WARN  Flyway upgrade recommended: H2 2.3.230 is newer than this version of Flyway and support has not been tested. The latest supported version of H2 is 2.2.220.
2024.08.13 13:56:45 INFO  no build target found for D:\2nd year\Functional Programming\Functional-Programming-practicals\practicals-08\test.scala. Using presentation compiler with project's scala-library version: 3.3.3
2024.08.13 13:56:46 ERROR Unexpected error initializing server: 
java.nio.file.InvalidPathException: Illegal char <"> at index 0: "C:\Program Files\Git\bin\git.exe
	at sun.nio.fs.WindowsPathParser.normalize(WindowsPathParser.java:204)
	at sun.nio.fs.WindowsPathParser.parse(WindowsPathParser.java:175)
	at sun.nio.fs.WindowsPathParser.parse(WindowsPathParser.java:77)
	at sun.nio.fs.WindowsPath.parse(WindowsPath.java:92)
	at sun.nio.fs.WindowsFileSystem.getPath(WindowsFileSystem.java:231)
	at java.nio.file.Path.of(Path.java:148)
	at java.nio.file.Paths.get(Paths.java:69)
	at scala.meta.internal.metals.scalacli.ScalaCli$.$anonfun$localScalaCli$4(ScalaCli.scala:350)
	at scala.collection.Iterator$$anon$9.next(Iterator.scala:584)
	at scala.collection.Iterator$$anon$6.hasNext(Iterator.scala:478)
	at scala.collection.Iterator$$anon$9.hasNext(Iterator.scala:583)
	at scala.collection.Iterator$$anon$10.hasNext(Iterator.scala:600)
	at scala.collection.immutable.Stream$.fromIterator(Stream.scala:469)
	at scala.collection.immutable.Stream$.from(Stream.scala:457)
	at scala.collection.immutable.Stream$.from(Stream.scala:357)
	at scala.collection.IterableFactory$ToFactory.fromSpecific(Factory.scala:274)
	at scala.collection.IterableOnceOps.to(IterableOnce.scala:1437)
	at scala.collection.IterableOnceOps.to$(IterableOnce.scala:1437)
	at scala.collection.AbstractIterator.to(Iterator.scala:1303)
	at scala.collection.IterableOnceOps.toStream(IterableOnce.scala:1482)
	at scala.collection.IterableOnceOps.toStream$(IterableOnce.scala:1482)
	at scala.collection.AbstractIterator.toStream(Iterator.scala:1303)
	at scala.meta.internal.metals.scalacli.ScalaCli$.findInPath$1(ScalaCli.scala:353)
	at scala.meta.internal.metals.scalacli.ScalaCli$.$anonfun$localScalaCli$10(ScalaCli.scala:389)
	at scala.Option.orElse(Option.scala:477)
	at scala.meta.internal.metals.scalacli.ScalaCli$.localScalaCli(ScalaCli.scala:391)
	at scala.meta.internal.metals.scalacli.ScalaCliServers.localScalaCli$lzycompute(ScalaCliServers.scala:63)
	at scala.meta.internal.metals.scalacli.ScalaCliServers.localScalaCli(ScalaCliServers.scala:62)
	at scala.meta.internal.metals.scalacli.ScalaCliServers.setupIDE(ScalaCliServers.scala:68)
	at scala.meta.internal.metals.ProjectMetalsLspService.maybeSetupScalaCli(ProjectMetalsLspService.scala:433)
	at scala.meta.internal.metals.ProjectMetalsLspService.$anonfun$onInitialized$1(ProjectMetalsLspService.scala:504)
	at scala.meta.internal.metals.ProjectMetalsLspService.withWillGenerateBspConfig(ProjectMetalsLspService.scala:113)
	at scala.meta.internal.metals.ProjectMetalsLspService.onInitialized(ProjectMetalsLspService.scala:504)
	at scala.meta.internal.metals.MetalsLspService.$anonfun$initialized$1(MetalsLspService.scala:694)
	at scala.concurrent.impl.Promise$Transformation.run(Promise.scala:470)
	at java.util.concurrent.ThreadPoolExecutor.runWorker(ThreadPoolExecutor.java:1144)
	at java.util.concurrent.ThreadPoolExecutor$Worker.run(ThreadPoolExecutor.java:642)
	at java.lang.Thread.run(Thread.java:1570)

2024.08.13 13:57:06 INFO  Shutting down server
2024.08.13 13:57:06 INFO  shutting down Metals
2024.08.13 13:57:06 INFO  Exiting server
